Device Name;Address;Distance;RSSI;TX Power;System timestamp;Distance of measurement
Kontakt;F5:7A:A5:E3:EF:18;0.56;-72.00;-77.00;29/04/2015 11:02:16:102;1.50
Kontakt;F5:7A:A5:E3:EF:18;0.71;-74.00;-77.00;29/04/2015 11:02:16:329;1.50
Kontakt;F5:7A:A5:E3:EF:18;0.50;-71.00;-77.00;29/04/2015 11:02:17:000;1.50
Kontakt;F5:7A:A5:E3:EF:18;0.71;-74.00;-77.00;29/04/2015 11:02:17:253;1.50
Kontakt;F5:7A:A5:E3:EF:18;0.71;-74.00;-77.00;29/04/2015 11:02:17:697;1.50
Kontakt;F5:7A:A5:E3:EF:18;0.63;-73.00;-77.00;29/04/2015 11:02:17:987;1.50
Kontakt;F5:7A:A5:E3:EF:18;0.79;-75.00;-77.00;29/04/2015 11:02:18:404;1.50
Kontakt;F5:7A:A5:E3:EF:18;0.56;-72.00;-77.00;29/04/2015 11:02:18:743;1.50
Kontakt;F5:7A:A5:E3:EF:18;0.71;-74.00;-77.00;29/04/2015 11:02:19:098;1.50
Kontakt;F5:7A:A5:E3:EF:18;0.50;-71.00;-77.00;29/04/2015 11:02:20:100;1.50
Kontakt;F5:7A:A5:E3:EF:18;0.79;-75.00;-77.00;29/04/2015 11:02:20:513;1.50
Kontakt;F5:7A:A5:E3:EF:18;0.56;-72.00;-77.00;29/04/2015 11:02:20:800;1.50
Kontakt;F5:7A:A5:E3:EF:18;0.50;-71.00;-77.00;29/04/2015 11:02:21:598;1.50
Kontakt;F5:7A:A5:E3:EF:18;0.71;-74.00;-77.00;29/04/2015 11:02:21:909;1.50
Kontakt;F5:7A:A5:E3:EF:18;0.71;-74.00;-77.00;29/04/2015 11:02:22:207;1.50
Kontakt;F5:7A:A5:E3:EF:18;0.50;-71.00;-77.00;29/04/2015 11:02:22:985;1.50
Kontakt;F5:7A:A5:E3:EF:18;0.63;-73.00;-77.00;29/04/2015 11:02:24:000;1.50
Kontakt;F5:7A:A5:E3:EF:18;0.50;-71.00;-77.00;29/04/2015 11:02:24:395;1.50
Kontakt;F5:7A:A5:E3:EF:18;0.89;-76.00;-77.00;29/04/2015 11:02:24:693;1.50
Kontakt;F5:7A:A5:E3:EF:18;0.71;-74.00;-77.00;29/04/2015 11:02:25:125;1.50
Kontakt;F5:7A:A5:E3:EF:18;0.79;-75.00;-77.00;29/04/2015 11:02:25:400;1.50
Kontakt;F5:7A:A5:E3:EF:18;0.63;-73.00;-77.00;29/04/2015 11:02:26:513;1.50
Kontakt;F5:7A:A5:E3:EF:18;0.79;-75.00;-77.00;29/04/2015 11:02:26:946;1.50
Kontakt;F5:7A:A5:E3:EF:18;0.71;-74.00;-77.00;29/04/2015 11:02:27:223;1.50
Kontakt;F5:7A:A5:E3:EF:18;0.63;-73.00;-77.00;29/04/2015 11:02:27:904;1.50
Kontakt;F5:7A:A5:E3:EF:18;0.71;-74.00;-77.00;29/04/2015 11:02:28:367;1.50
Kontakt;F5:7A:A5:E3:EF:18;0.79;-75.00;-77.00;29/04/2015 11:02:28:632;1.50
Kontakt;F5:7A:A5:E3:EF:18;0.79;-75.00;-77.00;29/04/2015 11:02:29:732;1.50
Kontakt;F5:7A:A5:E3:EF:18;0.63;-73.00;-77.00;29/04/2015 11:02:30:021;1.50
Kontakt;F5:7A:A5:E3:EF:18;0.79;-75.00;-77.00;29/04/2015 11:02:30:405;1.50
Kontakt;F5:7A:A5:E3:EF:18;0.79;-75.00;-77.00;29/04/2015 11:02:30:770;1.50
Kontakt;F5:7A:A5:E3:EF:18;0.56;-72.00;-77.00;29/04/2015 11:02:31:184;1.50
Kontakt;F5:7A:A5:E3:EF:18;0.71;-74.00;-77.00;29/04/2015 11:02:31:413;1.50
Kontakt;F5:7A:A5:E3:EF:18;0.56;-72.00;-77.00;29/04/2015 11:02:31:953;1.50
Kontakt;F5:7A:A5:E3:EF:18;0.63;-73.00;-77.00;29/04/2015 11:02:32:248;1.50
Kontakt;F5:7A:A5:E3:EF:18;0.50;-71.00;-77.00;29/04/2015 11:02:32:492;1.50
Kontakt;F5:7A:A5:E3:EF:18;0.71;-74.00;-77.00;29/04/2015 11:02:33:010;1.50
Kontakt;F5:7A:A5:E3:EF:18;0.50;-71.00;-77.00;29/04/2015 11:02:33:303;1.50
Kontakt;F5:7A:A5:E3:EF:18;0.56;-72.00;-77.00;29/04/2015 11:02:33:954;1.50
Kontakt;F5:7A:A5:E3:EF:18;0.63;-73.00;-77.00;29/04/2015 11:02:34:372;1.50
Kontakt;F5:7A:A5:E3:EF:18;0.56;-72.00;-77.00;29/04/2015 11:02:34:673;1.50
Kontakt;F5:7A:A5:E3:EF:18;0.50;-71.00;-77.00;29/04/2015 11:02:35:337;1.50
Kontakt;F5:7A:A5:E3:EF:18;0.79;-75.00;-77.00;29/04/2015 11:02:35:787;1.50
Kontakt;F5:7A:A5:E3:EF:18;0.50;-71.00;-77.00;29/04/2015 11:02:36:035;1.50
Kontakt;F5:7A:A5:E3:EF:18;0.71;-74.00;-77.00;29/04/2015 11:02:36:509;1.50
Kontakt;F5:7A:A5:E3:EF:18;0.50;-71.00;-77.00;29/04/2015 11:02:36:806;1.50
Kontakt;F5:7A:A5:E3:EF:18;0.71;-74.00;-77.00;29/04/2015 11:02:37:102;1.50
Kontakt;F5:7A:A5:E3:EF:18;0.50;-71.00;-77.00;29/04/2015 11:02:37:544;1.50
Kontakt;F5:7A:A5:E3:EF:18;0.71;-74.00;-77.00;29/04/2015 11:02:38:193;1.50
Kontakt;F5:7A:A5:E3:EF:18;0.71;-74.00;-77.00;29/04/2015 11:02:38:628;1.50
Kontakt;F5:7A:A5:E3:EF:18;0.50;-71.00;-77.00;29/04/2015 11:02:38:911;1.50
Kontakt;F5:7A:A5:E3:EF:18;0.50;-71.00;-77.00;29/04/2015 11:02:39:689;1.50
Kontakt;F5:7A:A5:E3:EF:18;0.71;-74.00;-77.00;29/04/2015 11:02:40:709;1.50
Kontakt;F5:7A:A5:E3:EF:18;0.50;-71.00;-77.00;29/04/2015 11:02:41:000;1.50
Kontakt;F5:7A:A5:E3:EF:18;0.79;-75.00;-77.00;29/04/2015 11:02:41:450;1.50
Kontakt;F5:7A:A5:E3:EF:18;0.50;-71.00;-77.00;29/04/2015 11:02:41:741;1.50
Kontakt;F5:7A:A5:E3:EF:18;0.71;-74.00;-77.00;29/04/2015 11:02:42:094;1.50
Kontakt;F5:7A:A5:E3:EF:18;0.63;-73.00;-77.00;29/04/2015 11:02:42:534;1.50
Kontakt;F5:7A:A5:E3:EF:18;0.71;-74.00;-77.00;29/04/2015 11:02:42:839;1.50
Kontakt;F5:7A:A5:E3:EF:18;0.63;-73.00;-77.00;29/04/2015 11:02:43:184;1.50
Kontakt;F5:7A:A5:E3:EF:18;0.56;-72.00;-77.00;29/04/2015 11:02:43:526;1.50
Kontakt;F5:7A:A5:E3:EF:18;0.50;-71.00;-77.00;29/04/2015 11:02:44:265;1.50
Kontakt;F5:7A:A5:E3:EF:18;0.71;-74.00;-77.00;29/04/2015 11:02:44:640;1.50
Kontakt;F5:7A:A5:E3:EF:18;0.71;-74.00;-77.00;29/04/2015 11:02:44:985;1.50
Kontakt;F5:7A:A5:E3:EF:18;0.71;-74.00;-77.00;29/04/2015 11:02:45:366;1.50
Kontakt;F5:7A:A5:E3:EF:18;0.50;-71.00;-77.00;29/04/2015 11:02:45:689;1.50
Kontakt;F5:7A:A5:E3:EF:18;0.50;-71.00;-77.00;29/04/2015 11:02:46:379;1.50
Kontakt;F5:7A:A5:E3:EF:18;0.63;-73.00;-77.00;29/04/2015 11:02:47:106;1.50
Kontakt;F5:7A:A5:E3:EF:18;0.56;-72.00;-77.00;29/04/2015 11:02:47:463;1.50
Kontakt;F5:7A:A5:E3:EF:18;0.50;-71.00;-77.00;29/04/2015 11:02:48:135;1.50
Kontakt;F5:7A:A5:E3:EF:18;0.71;-74.00;-77.00;29/04/2015 11:02:48:466;1.50
Kontakt;F5:7A:A5:E3:EF:18;0.56;-72.00;-77.00;29/04/2015 11:02:48:978;1.50
Kontakt;F5:7A:A5:E3:EF:18;0.63;-73.00;-77.00;29/04/2015 11:02:49:280;1.50
Kontakt;F5:7A:A5:E3:EF:18;0.71;-74.00;-77.00;29/04/2015 11:02:49:575;1.50
Kontakt;F5:7A:A5:E3:EF:18;0.63;-73.00;-77.00;29/04/2015 11:02:49:971;1.50
Kontakt;F5:7A:A5:E3:EF:18;0.71;-74.00;-77.00;29/04/2015 11:02:50:368;1.50
Kontakt;F5:7A:A5:E3:EF:18;0.71;-74.00;-77.00;29/04/2015 11:02:50:623;1.50
Kontakt;F5:7A:A5:E3:EF:18;0.71;-74.00;-77.00;29/04/2015 11:02:50:992;1.50
Kontakt;F5:7A:A5:E3:EF:18;0.71;-74.00;-77.00;29/04/2015 11:02:51:286;1.50
Kontakt;F5:7A:A5:E3:EF:18;0.50;-71.00;-77.00;29/04/2015 11:02:51:658;1.50
Kontakt;F5:7A:A5:E3:EF:18;0.56;-72.00;-77.00;29/04/2015 11:02:52:036;1.50
Kontakt;F5:7A:A5:E3:EF:18;0.79;-75.00;-77.00;29/04/2015 11:02:52:436;1.50
Kontakt;F5:7A:A5:E3:EF:18;0.71;-74.00;-77.00;29/04/2015 11:02:53:512;1.50
Kontakt;F5:7A:A5:E3:EF:18;0.56;-72.00;-77.00;29/04/2015 11:02:53:781;1.50
Kontakt;F5:7A:A5:E3:EF:18;0.63;-73.00;-77.00;29/04/2015 11:02:54:289;1.50
Kontakt;F5:7A:A5:E3:EF:18;0.50;-71.00;-77.00;29/04/2015 11:02:54:558;1.50
Kontakt;F5:7A:A5:E3:EF:18;0.56;-72.00;-77.00;29/04/2015 11:02:55:217;1.50
Kontakt;F5:7A:A5:E3:EF:18;0.63;-73.00;-77.00;29/04/2015 11:02:55:609;1.50
Kontakt;F5:7A:A5:E3:EF:18;0.79;-75.00;-77.00;29/04/2015 11:02:55:960;1.50
Kontakt;F5:7A:A5:E3:EF:18;0.71;-74.00;-77.00;29/04/2015 11:02:56:335;1.50
Kontakt;F5:7A:A5:E3:EF:18;0.71;-74.00;-77.00;29/04/2015 11:02:56:696;1.50
Kontakt;F5:7A:A5:E3:EF:18;0.71;-74.00;-77.00;29/04/2015 11:02:57:072;1.50
Kontakt;F5:7A:A5:E3:EF:18;0.79;-75.00;-77.00;29/04/2015 11:02:57:428;1.50
Kontakt;F5:7A:A5:E3:EF:18;0.63;-73.00;-77.00;29/04/2015 11:02:57:805;1.50
Kontakt;F5:7A:A5:E3:EF:18;0.71;-74.00;-77.00;29/04/2015 11:02:58:068;1.50
Kontakt;F5:7A:A5:E3:EF:18;0.50;-71.00;-77.00;29/04/2015 11:02:58:422;1.50
Kontakt;F5:7A:A5:E3:EF:18;0.71;-74.00;-77.00;29/04/2015 11:02:58:795;1.50
Kontakt;F5:7A:A5:E3:EF:18;0.71;-74.00;-77.00;29/04/2015 11:03:00:146;1.50
Kontakt;F5:7A:A5:E3:EF:18;0.71;-74.00;-77.00;29/04/2015 11:03:00:666;1.50
Kontakt;F5:7A:A5:E3:EF:18;0.50;-71.00;-77.00;29/04/2015 11:03:01:464;1.50
Kontakt;F5:7A:A5:E3:EF:18;0.56;-72.00;-77.00;29/04/2015 11:03:01:990;1.50
Kontakt;F5:7A:A5:E3:EF:18;0.56;-72.00;-77.00;29/04/2015 11:03:02:738;1.50
Kontakt;F5:7A:A5:E3:EF:18;0.79;-75.00;-77.00;29/04/2015 11:03:03:484;1.50
Kontakt;F5:7A:A5:E3:EF:18;0.63;-73.00;-77.00;29/04/2015 11:03:03:501;1.50
Kontakt;F5:7A:A5:E3:EF:18;0.71;-74.00;-77.00;29/04/2015 11:03:03:737;1.50
Kontakt;F5:7A:A5:E3:EF:18;0.56;-72.00;-77.00;29/04/2015 11:03:04:988;1.50
Kontakt;F5:7A:A5:E3:EF:18;0.63;-73.00;-77.00;29/04/2015 11:03:05:953;1.50
Kontakt;F5:7A:A5:E3:EF:18;0.56;-72.00;-77.00;29/04/2015 11:03:06:241;1.50
Kontakt;F5:7A:A5:E3:EF:18;0.56;-72.00;-77.00;29/04/2015 11:03:07:026;1.50
Kontakt;F5:7A:A5:E3:EF:18;0.56;-72.00;-77.00;29/04/2015 11:03:07:679;1.50
Kontakt;F5:7A:A5:E3:EF:18;0.63;-73.00;-77.00;29/04/2015 11:03:07:971;1.50
Kontakt;F5:7A:A5:E3:EF:18;0.56;-72.00;-77.00;29/04/2015 11:03:08:415;1.50
Kontakt;F5:7A:A5:E3:EF:18;0.63;-73.00;-77.00;29/04/2015 11:03:08:707;1.50
Kontakt;F5:7A:A5:E3:EF:18;0.56;-72.00;-77.00;29/04/2015 11:03:09:094;1.50
Kontakt;F5:7A:A5:E3:EF:18;0.56;-72.00;-77.00;29/04/2015 11:03:10:117;1.50
Kontakt;F5:7A:A5:E3:EF:18;0.56;-72.00;-77.00;29/04/2015 11:03:10:593;1.50
Kontakt;F5:7A:A5:E3:EF:18;0.79;-75.00;-77.00;29/04/2015 11:03:10:941;1.50
Kontakt;F5:7A:A5:E3:EF:18;0.56;-72.00;-77.00;29/04/2015 11:03:11:215;1.50
Kontakt;F5:7A:A5:E3:EF:18;0.71;-74.00;-77.00;29/04/2015 11:03:11:674;1.50
Kontakt;F5:7A:A5:E3:EF:18;0.56;-72.00;-77.00;29/04/2015 11:03:11:968;1.50
Kontakt;F5:7A:A5:E3:EF:18;0.79;-75.00;-77.00;29/04/2015 11:03:12:356;1.50
Kontakt;F5:7A:A5:E3:EF:18;0.63;-73.00;-77.00;29/04/2015 11:03:12:611;1.50
Kontakt;F5:7A:A5:E3:EF:18;0.50;-71.00;-77.00;29/04/2015 11:03:12:994;1.50
Kontakt;F5:7A:A5:E3:EF:18;0.71;-74.00;-77.00;29/04/2015 11:03:13:304;1.50
Kontakt;F5:7A:A5:E3:EF:18;0.50;-71.00;-77.00;29/04/2015 11:03:13:716;1.50
Kontakt;F5:7A:A5:E3:EF:18;0.63;-73.00;-77.00;29/04/2015 11:03:14:053;1.50
Kontakt;F5:7A:A5:E3:EF:18;0.50;-71.00;-77.00;29/04/2015 11:03:14:369;1.50
Kontakt;F5:7A:A5:E3:EF:18;0.63;-73.00;-77.00;29/04/2015 11:03:14:773;1.50
Kontakt;F5:7A:A5:E3:EF:18;0.50;-71.00;-77.00;29/04/2015 11:03:15:589;1.50
Kontakt;F5:7A:A5:E3:EF:18;0.50;-71.00;-77.00;29/04/2015 11:03:16:528;1.50
Kontakt;F5:7A:A5:E3:EF:18;0.56;-72.00;-77.00;29/04/2015 11:03:17:828;1.50
Kontakt;F5:7A:A5:E3:EF:18;0.71;-74.00;-77.00;29/04/2015 11:03:17:867;1.50
Kontakt;F5:7A:A5:E3:EF:18;0.71;-74.00;-77.00;29/04/2015 11:03:18:491;1.50
Kontakt;F5:7A:A5:E3:EF:18;0.63;-73.00;-77.00;29/04/2015 11:03:18:529;1.50
Kontakt;F5:7A:A5:E3:EF:18;0.56;-72.00;-77.00;29/04/2015 11:03:19:370;1.50
Kontakt;F5:7A:A5:E3:EF:18;0.63;-73.00;-77.00;29/04/2015 11:03:19:404;1.50
Kontakt;F5:7A:A5:E3:EF:18;0.71;-74.00;-77.00;29/04/2015 11:03:19:425;1.50
Kontakt;F5:7A:A5:E3:EF:18;0.56;-72.00;-77.00;29/04/2015 11:03:20:260;1.50
Kontakt;F5:7A:A5:E3:EF:18;0.63;-73.00;-77.00;29/04/2015 11:03:20:584;1.50
Kontakt;F5:7A:A5:E3:EF:18;0.50;-71.00;-77.00;29/04/2015 11:03:20:837;1.50
Kontakt;F5:7A:A5:E3:EF:18;0.71;-74.00;-77.00;29/04/2015 11:03:22:199;1.50
Kontakt;F5:7A:A5:E3:EF:18;0.63;-73.00;-77.00;29/04/2015 11:03:22:646;1.50
Kontakt;F5:7A:A5:E3:EF:18;0.63;-73.00;-77.00;29/04/2015 11:03:22:920;1.50
Kontakt;F5:7A:A5:E3:EF:18;0.63;-73.00;-77.00;29/04/2015 11:03:23:412;1.50
Kontakt;F5:7A:A5:E3:EF:18;0.71;-74.00;-77.00;29/04/2015 11:03:23:724;1.50
Kontakt;F5:7A:A5:E3:EF:18;0.56;-72.00;-77.00;29/04/2015 11:03:23:990;1.50
Kontakt;F5:7A:A5:E3:EF:18;0.71;-74.00;-77.00;29/04/2015 11:03:24:342;1.50
Kontakt;F5:7A:A5:E3:EF:18;0.56;-72.00;-77.00;29/04/2015 11:03:25:579;1.50
Kontakt;F5:7A:A5:E3:EF:18;0.56;-72.00;-77.00;29/04/2015 11:03:26:134;1.50
Kontakt;F5:7A:A5:E3:EF:18;0.71;-74.00;-77.00;29/04/2015 11:03:26:468;1.50
Kontakt;F5:7A:A5:E3:EF:18;0.79;-75.00;-77.00;29/04/2015 11:03:27:093;1.50
Kontakt;F5:7A:A5:E3:EF:18;0.71;-74.00;-77.00;29/04/2015 11:03:27:247;1.50
Kontakt;F5:7A:A5:E3:EF:18;0.71;-74.00;-77.00;29/04/2015 11:03:27:937;1.50
Kontakt;F5:7A:A5:E3:EF:18;0.71;-74.00;-77.00;29/04/2015 11:03:28:297;1.50
Kontakt;F5:7A:A5:E3:EF:18;0.71;-74.00;-77.00;29/04/2015 11:03:28:674;1.50
Kontakt;F5:7A:A5:E3:EF:18;0.71;-74.00;-77.00;29/04/2015 11:03:28:988;1.50
Kontakt;F5:7A:A5:E3:EF:18;0.71;-74.00;-77.00;29/04/2015 11:03:29:692;1.50
Kontakt;F5:7A:A5:E3:EF:18;0.71;-74.00;-77.00;29/04/2015 11:03:30:110;1.50
Kontakt;F5:7A:A5:E3:EF:18;0.79;-75.00;-77.00;29/04/2015 11:03:30:389;1.50
Kontakt;F5:7A:A5:E3:EF:18;0.71;-74.00;-77.00;29/04/2015 11:03:30:818;1.50
Kontakt;F5:7A:A5:E3:EF:18;0.71;-74.00;-77.00;29/04/2015 11:03:31:068;1.50
Kontakt;F5:7A:A5:E3:EF:18;0.56;-72.00;-77.00;29/04/2015 11:03:31:486;1.50
Kontakt;F5:7A:A5:E3:EF:18;0.71;-74.00;-77.00;29/04/2015 11:03:31:790;1.50
Kontakt;F5:7A:A5:E3:EF:18;0.71;-74.00;-77.00;29/04/2015 11:03:32:190;1.50
Kontakt;F5:7A:A5:E3:EF:18;0.56;-72.00;-77.00;29/04/2015 11:03:32:605;1.50
Kontakt;F5:7A:A5:E3:EF:18;0.71;-74.00;-77.00;29/04/2015 11:03:32:919;1.50
Kontakt;F5:7A:A5:E3:EF:18;0.71;-74.00;-77.00;29/04/2015 11:03:33:609;1.50
Kontakt;F5:7A:A5:E3:EF:18;0.56;-72.00;-77.00;29/04/2015 11:03:34:067;1.50
Kontakt;F5:7A:A5:E3:EF:18;0.56;-72.00;-77.00;29/04/2015 11:03:34:626;1.50
Kontakt;F5:7A:A5:E3:EF:18;0.71;-74.00;-77.00;29/04/2015 11:03:35:036;1.50
Kontakt;F5:7A:A5:E3:EF:18;0.71;-74.00;-77.00;29/04/2015 11:03:35:776;1.50
Kontakt;F5:7A:A5:E3:EF:18;0.56;-72.00;-77.00;29/04/2015 11:03:36:491;1.50
Kontakt;F5:7A:A5:E3:EF:18;0.71;-74.00;-77.00;29/04/2015 11:03:37:173;1.50
Kontakt;F5:7A:A5:E3:EF:18;0.89;-76.00;-77.00;29/04/2015 11:03:37:561;1.50
Kontakt;F5:7A:A5:E3:EF:18;0.71;-74.00;-77.00;29/04/2015 11:03:37:971;1.50
Kontakt;F5:7A:A5:E3:EF:18;0.71;-74.00;-77.00;29/04/2015 11:03:38:581;1.50
Kontakt;F5:7A:A5:E3:EF:18;0.56;-72.00;-77.00;29/04/2015 11:03:39:003;1.50
Kontakt;F5:7A:A5:E3:EF:18;0.56;-72.00;-77.00;29/04/2015 11:03:39:693;1.50
Kontakt;F5:7A:A5:E3:EF:18;0.56;-72.00;-77.00;29/04/2015 11:03:40:415;1.50
Kontakt;F5:7A:A5:E3:EF:18;0.71;-74.00;-77.00;29/04/2015 11:03:41:090;1.50
Kontakt;F5:7A:A5:E3:EF:18;0.71;-74.00;-77.00;29/04/2015 11:03:41:403;1.50
Kontakt;F5:7A:A5:E3:EF:18;0.56;-72.00;-77.00;29/04/2015 11:03:41:806;1.50
Kontakt;F5:7A:A5:E3:EF:18;0.79;-75.00;-77.00;29/04/2015 11:03:42:125;1.50
Kontakt;F5:7A:A5:E3:EF:18;0.56;-72.00;-77.00;29/04/2015 11:03:42:529;1.50
Kontakt;F5:7A:A5:E3:EF:18;0.71;-74.00;-77.00;29/04/2015 11:03:43:264;1.50
Kontakt;F5:7A:A5:E3:EF:18;0.71;-74.00;-77.00;29/04/2015 11:03:43:624;1.50
Kontakt;F5:7A:A5:E3:EF:18;0.56;-72.00;-77.00;29/04/2015 11:03:44:217;1.50
Kontakt;F5:7A:A5:E3:EF:18;0.79;-75.00;-77.00;29/04/2015 11:03:44:667;1.50
Kontakt;F5:7A:A5:E3:EF:18;0.71;-74.00;-77.00;29/04/2015 11:03:45:005;1.50
Kontakt;F5:7A:A5:E3:EF:18;0.56;-72.00;-77.00;29/04/2015 11:03:46:083;1.50
Kontakt;F5:7A:A5:E3:EF:18;0.56;-72.00;-77.00;29/04/2015 11:03:46:725;1.50
Kontakt;F5:7A:A5:E3:EF:18;0.71;-74.00;-77.00;29/04/2015 11:03:47:550;1.50
Kontakt;F5:7A:A5:E3:EF:18;0.79;-75.00;-77.00;29/04/2015 11:03:47:967;1.50
Kontakt;F5:7A:A5:E3:EF:18;0.71;-74.00;-77.00;29/04/2015 11:03:48:148;1.50
Kontakt;F5:7A:A5:E3:EF:18;0.71;-74.00;-77.00;29/04/2015 11:03:48:597;1.50
Kontakt;F5:7A:A5:E3:EF:18;0.56;-72.00;-77.00;29/04/2015 11:03:48:954;1.50
Kontakt;F5:7A:A5:E3:EF:18;0.71;-74.00;-77.00;29/04/2015 11:03:49:253;1.50
Kontakt;F5:7A:A5:E3:EF:18;0.71;-74.00;-77.00;29/04/2015 11:03:49:584;1.50
Kontakt;F5:7A:A5:E3:EF:18;0.56;-72.00;-77.00;29/04/2015 11:03:50:034;1.50
Kontakt;F5:7A:A5:E3:EF:18;0.71;-74.00;-77.00;29/04/2015 11:03:50:314;1.50
Kontakt;F5:7A:A5:E3:EF:18;0.71;-74.00;-77.00;29/04/2015 11:03:51:003;1.50
Kontakt;F5:7A:A5:E3:EF:18;0.56;-72.00;-77.00;29/04/2015 11:03:51:399;1.50
Kontakt;F5:7A:A5:E3:EF:18;0.56;-72.00;-77.00;29/04/2015 11:03:52:845;1.50
Kontakt;F5:7A:A5:E3:EF:18;0.71;-74.00;-77.00;29/04/2015 11:03:53:197;1.50
Kontakt;F5:7A:A5:E3:EF:18;0.56;-72.00;-77.00;29/04/2015 11:03:53:499;1.50
Kontakt;F5:7A:A5:E3:EF:18;0.71;-74.00;-77.00;29/04/2015 11:03:53:936;1.50
Kontakt;F5:7A:A5:E3:EF:18;0.71;-74.00;-77.00;29/04/2015 11:03:54:263;1.50
Kontakt;F5:7A:A5:E3:EF:18;0.71;-74.00;-77.00;29/04/2015 11:03:54:658;1.50
Kontakt;F5:7A:A5:E3:EF:18;0.63;-73.00;-77.00;29/04/2015 11:03:54:941;1.50
Kontakt;F5:7A:A5:E3:EF:18;0.63;-73.00;-77.00;29/04/2015 11:03:55:348;1.50
Kontakt;F5:7A:A5:E3:EF:18;0.56;-72.00;-77.00;29/04/2015 11:03:56:010;1.50
Kontakt;F5:7A:A5:E3:EF:18;0.71;-74.00;-77.00;29/04/2015 11:03:56:805;1.50
Kontakt;F5:7A:A5:E3:EF:18;0.71;-74.00;-77.00;29/04/2015 11:03:57:088;1.50
Kontakt;F5:7A:A5:E3:EF:18;0.56;-72.00;-77.00;29/04/2015 11:03:57:450;1.50
Kontakt;F5:7A:A5:E3:EF:18;0.71;-74.00;-77.00;29/04/2015 11:03:57:858;1.50
Kontakt;F5:7A:A5:E3:EF:18;0.63;-73.00;-77.00;29/04/2015 11:03:58:120;1.50
Kontakt;F5:7A:A5:E3:EF:18;0.71;-74.00;-77.00;29/04/2015 11:03:58:509;1.50
Kontakt;F5:7A:A5:E3:EF:18;0.63;-73.00;-77.00;29/04/2015 11:03:58:907;1.50
Kontakt;F5:7A:A5:E3:EF:18;0.71;-74.00;-77.00;29/04/2015 11:03:59:167;1.50
Kontakt;F5:7A:A5:E3:EF:18;0.56;-72.00;-77.00;29/04/2015 11:03:59:616;1.50
Kontakt;F5:7A:A5:E3:EF:18;0.71;-74.00;-77.00;29/04/2015 11:04:00:578;1.50
Kontakt;F5:7A:A5:E3:EF:18;0.79;-75.00;-77.00;29/04/2015 11:04:00:987;1.50
Kontakt;F5:7A:A5:E3:EF:18;0.63;-73.00;-77.00;29/04/2015 11:04:01:633;1.50
Kontakt;F5:7A:A5:E3:EF:18;0.63;-73.00;-77.00;29/04/2015 11:04:02:497;1.50
Kontakt;F5:7A:A5:E3:EF:18;0.71;-74.00;-77.00;29/04/2015 11:04:02:779;1.50
Kontakt;F5:7A:A5:E3:EF:18;0.63;-73.00;-77.00;29/04/2015 11:04:03:085;1.50
Kontakt;F5:7A:A5:E3:EF:18;0.56;-72.00;-77.00;29/04/2015 11:04:03:446;1.50
Kontakt;F5:7A:A5:E3:EF:18;0.79;-75.00;-77.00;29/04/2015 11:04:03:880;1.50
Kontakt;F5:7A:A5:E3:EF:18;0.63;-73.00;-77.00;29/04/2015 11:04:04:137;1.50
Kontakt;F5:7A:A5:E3:EF:18;0.79;-75.00;-77.00;29/04/2015 11:04:04:568;1.50
Kontakt;F5:7A:A5:E3:EF:18;0.63;-73.00;-77.00;29/04/2015 11:04:04:978;1.50
Kontakt;F5:7A:A5:E3:EF:18;0.71;-74.00;-77.00;29/04/2015 11:04:05:288;1.50
Kontakt;F5:7A:A5:E3:EF:18;0.79;-75.00;-77.00;29/04/2015 11:04:05:901;1.50
Kontakt;F5:7A:A5:E3:EF:18;0.71;-74.00;-77.00;29/04/2015 11:04:06:715;1.50
Kontakt;F5:7A:A5:E3:EF:18;0.71;-74.00;-77.00;29/04/2015 11:04:07:053;1.50
Kontakt;F5:7A:A5:E3:EF:18;0.79;-75.00;-77.00;29/04/2015 11:04:07:465;1.50
Kontakt;F5:7A:A5:E3:EF:18;0.71;-74.00;-77.00;29/04/2015 11:04:07:691;1.50
Kontakt;F5:7A:A5:E3:EF:18;0.79;-75.00;-77.00;29/04/2015 11:04:08:131;1.50
Kontakt;F5:7A:A5:E3:EF:18;0.56;-72.00;-77.00;29/04/2015 11:04:08:395;1.50
Kontakt;F5:7A:A5:E3:EF:18;0.56;-72.00;-77.00;29/04/2015 11:04:09:106;1.50
Kontakt;F5:7A:A5:E3:EF:18;0.79;-75.00;-77.00;29/04/2015 11:04:09:543;1.50
Kontakt;F5:7A:A5:E3:EF:18;0.71;-74.00;-77.00;29/04/2015 11:04:09:809;1.50
Kontakt;F5:7A:A5:E3:EF:18;0.79;-75.00;-77.00;29/04/2015 11:04:10:251;1.50
Kontakt;F5:7A:A5:E3:EF:18;0.56;-72.00;-77.00;29/04/2015 11:04:10:546;1.50
Kontakt;F5:7A:A5:E3:EF:18;0.79;-75.00;-77.00;29/04/2015 11:04:11:034;1.50
Kontakt;F5:7A:A5:E3:EF:18;0.56;-72.00;-77.00;29/04/2015 11:04:11:312;1.50
Kontakt;F5:7A:A5:E3:EF:18;0.79;-75.00;-77.00;29/04/2015 11:04:11:592;1.50
Kontakt;F5:7A:A5:E3:EF:18;0.71;-74.00;-77.00;29/04/2015 11:04:12:011;1.50
Kontakt;F5:7A:A5:E3:EF:18;0.79;-75.00;-77.00;29/04/2015 11:04:12:288;1.50
Kontakt;F5:7A:A5:E3:EF:18;0.71;-74.00;-77.00;29/04/2015 11:04:13:204;1.50
Kontakt;F5:7A:A5:E3:EF:18;0.56;-72.00;-77.00;29/04/2015 11:04:13:455;1.50
Kontakt;F5:7A:A5:E3:EF:18;0.71;-74.00;-77.00;29/04/2015 11:04:14:891;1.50
Kontakt;F5:7A:A5:E3:EF:18;0.71;-74.00;-77.00;29/04/2015 11:04:15:169;1.50
Kontakt;F5:7A:A5:E3:EF:18;0.71;-74.00;-77.00;29/04/2015 11:04:15:493;1.50
Kontakt;F5:7A:A5:E3:EF:18;0.71;-74.00;-77.00;29/04/2015 11:04:15:863;1.50
Kontakt;F5:7A:A5:E3:EF:18;0.71;-74.00;-77.00;29/04/2015 11:04:16:658;1.50
Kontakt;F5:7A:A5:E3:EF:18;0.71;-74.00;-77.00;29/04/2015 11:04:16:935;1.50
Kontakt;F5:7A:A5:E3:EF:18;0.71;-74.00;-77.00;29/04/2015 11:04:17:257;1.50
Kontakt;F5:7A:A5:E3:EF:18;0.56;-72.00;-77.00;29/04/2015 11:04:18:017;1.50
Kontakt;F5:7A:A5:E3:EF:18;0.71;-74.00;-77.00;29/04/2015 11:04:18:484;1.50
Kontakt;F5:7A:A5:E3:EF:18;0.56;-72.00;-77.00;29/04/2015 11:04:18:741;1.50
Kontakt;F5:7A:A5:E3:EF:18;0.56;-72.00;-77.00;29/04/2015 11:04:19:480;1.50
Kontakt;F5:7A:A5:E3:EF:18;0.79;-75.00;-77.00;29/04/2015 11:04:19:830;1.50
Kontakt;F5:7A:A5:E3:EF:18;0.71;-74.00;-77.00;29/04/2015 11:04:20:563;1.50
Kontakt;F5:7A:A5:E3:EF:18;0.63;-73.00;-77.00;29/04/2015 11:04:20:955;1.50
Kontakt;F5:7A:A5:E3:EF:18;0.71;-74.00;-77.00;29/04/2015 11:04:21:223;1.50
Kontakt;F5:7A:A5:E3:EF:18;0.63;-73.00;-77.00;29/04/2015 11:04:21:625;1.50
Kontakt;F5:7A:A5:E3:EF:18;0.71;-74.00;-77.00;29/04/2015 11:04:21:960;1.50
Kontakt;F5:7A:A5:E3:EF:18;0.56;-72.00;-77.00;29/04/2015 11:04:22:956;1.50
Kontakt;F5:7A:A5:E3:EF:18;0.71;-74.00;-77.00;29/04/2015 11:04:23:707;1.50
Kontakt;F5:7A:A5:E3:EF:18;0.71;-74.00;-77.00;29/04/2015 11:04:24:050;1.50
Kontakt;F5:7A:A5:E3:EF:18;0.71;-74.00;-77.00;29/04/2015 11:04:24:351;1.50
Kontakt;F5:7A:A5:E3:EF:18;0.71;-74.00;-77.00;29/04/2015 11:04:25:084;1.50
Kontakt;F5:7A:A5:E3:EF:18;0.79;-75.00;-77.00;29/04/2015 11:04:25:530;1.50
Kontakt;F5:7A:A5:E3:EF:18;0.56;-72.00;-77.00;29/04/2015 11:04:25:854;1.50
Kontakt;F5:7A:A5:E3:EF:18;0.71;-74.00;-77.00;29/04/2015 11:04:26:250;1.50
Kontakt;F5:7A:A5:E3:EF:18;0.56;-72.00;-77.00;29/04/2015 11:04:26:618;1.50
Kontakt;F5:7A:A5:E3:EF:18;0.79;-75.00;-77.00;29/04/2015 11:04:26:929;1.50
Kontakt;F5:7A:A5:E3:EF:18;0.56;-72.00;-77.00;29/04/2015 11:04:27:233;1.50
Kontakt;F5:7A:A5:E3:EF:18;0.71;-74.00;-77.00;29/04/2015 11:04:27:580;1.50
Kontakt;F5:7A:A5:E3:EF:18;0.71;-74.00;-77.00;29/04/2015 11:04:27:984;1.50
Kontakt;F5:7A:A5:E3:EF:18;0.71;-74.00;-77.00;29/04/2015 11:04:28:264;1.50
Kontakt;F5:7A:A5:E3:EF:18;0.71;-74.00;-77.00;29/04/2015 11:04:28:707;1.50
Kontakt;F5:7A:A5:E3:EF:18;0.56;-72.00;-77.00;29/04/2015 11:04:28:979;1.50
Kontakt;F5:7A:A5:E3:EF:18;0.56;-72.00;-77.00;29/04/2015 11:04:29:724;1.50
Kontakt;F5:7A:A5:E3:EF:18;0.71;-74.00;-77.00;29/04/2015 11:04:30:099;1.50
Kontakt;F5:7A:A5:E3:EF:18;0.71;-74.00;-77.00;29/04/2015 11:04:30:410;1.50
Kontakt;F5:7A:A5:E3:EF:18;0.71;-74.00;-77.00;29/04/2015 11:04:30:757;1.50
Kontakt;F5:7A:A5:E3:EF:18;0.71;-74.00;-77.00;29/04/2015 11:04:31:152;1.50
Kontakt;F5:7A:A5:E3:EF:18;0.56;-72.00;-77.00;29/04/2015 11:04:31:905;1.50
Kontakt;F5:7A:A5:E3:EF:18;0.71;-74.00;-77.00;29/04/2015 11:04:32:181;1.50
Kontakt;F5:7A:A5:E3:EF:18;0.56;-72.00;-77.00;29/04/2015 11:04:32:596;1.50
Kontakt;F5:7A:A5:E3:EF:18;0.71;-74.00;-77.00;29/04/2015 11:04:32:971;1.50
Kontakt;F5:7A:A5:E3:EF:18;0.56;-72.00;-77.00;29/04/2015 11:04:33:237;1.50
Kontakt;F5:7A:A5:E3:EF:18;0.56;-72.00;-77.00;29/04/2015 11:04:34:058;1.50
Kontakt;F5:7A:A5:E3:EF:18;0.71;-74.00;-77.00;29/04/2015 11:04:34:352;1.50
Kontakt;F5:7A:A5:E3:EF:18;0.56;-72.00;-77.00;29/04/2015 11:04:34:733;1.50
Kontakt;F5:7A:A5:E3:EF:18;0.56;-72.00;-77.00;29/04/2015 11:04:35:396;1.50
Kontakt;F5:7A:A5:E3:EF:18;0.63;-73.00;-77.00;29/04/2015 11:04:36:105;1.50
Kontakt;F5:7A:A5:E3:EF:18;0.63;-73.00;-77.00;29/04/2015 11:04:36:420;1.50
Kontakt;F5:7A:A5:E3:EF:18;0.71;-74.00;-77.00;29/04/2015 11:04:36:791;1.50
Kontakt;F5:7A:A5:E3:EF:18;0.56;-72.00;-77.00;29/04/2015 11:04:37:579;1.50
Kontakt;F5:7A:A5:E3:EF:18;0.63;-73.00;-77.00;29/04/2015 11:04:38:289;1.50
Kontakt;F5:7A:A5:E3:EF:18;0.71;-74.00;-77.00;29/04/2015 11:04:38:582;1.50
Kontakt;F5:7A:A5:E3:EF:18;0.63;-73.00;-77.00;29/04/2015 11:04:39:018;1.50
Kontakt;F5:7A:A5:E3:EF:18;0.71;-74.00;-77.00;29/04/2015 11:04:39:281;1.50
Kontakt;F5:7A:A5:E3:EF:18;0.71;-74.00;-77.00;29/04/2015 11:04:39:723;1.50
Kontakt;F5:7A:A5:E3:EF:18;0.71;-74.00;-77.00;29/04/2015 11:04:39:995;1.50
Kontakt;F5:7A:A5:E3:EF:18;0.63;-73.00;-77.00;29/04/2015 11:04:40:443;1.50
Kontakt;F5:7A:A5:E3:EF:18;0.79;-75.00;-77.00;29/04/2015 11:04:40:714;1.50
Kontakt;F5:7A:A5:E3:EF:18;0.56;-72.00;-77.00;29/04/2015 11:04:41:109;1.50
Kontakt;F5:7A:A5:E3:EF:18;0.56;-72.00;-77.00;29/04/2015 11:04:41:891;1.50
Kontakt;F5:7A:A5:E3:EF:18;0.71;-74.00;-77.00;29/04/2015 11:04:42:099;1.50
Kontakt;F5:7A:A5:E3:EF:18;0.63;-73.00;-77.00;29/04/2015 11:04:42:534;1.50
Kontakt;F5:7A:A5:E3:EF:18;0.63;-73.00;-77.00;29/04/2015 11:04:42:903;1.50
Kontakt;F5:7A:A5:E3:EF:18;0.79;-75.00;-77.00;29/04/2015 11:04:43:874;1.50
Kontakt;F5:7A:A5:E3:EF:18;0.79;-75.00;-77.00;29/04/2015 11:04:44:599;1.50
Kontakt;F5:7A:A5:E3:EF:18;0.63;-73.00;-77.00;29/04/2015 11:04:44:987;1.50
Kontakt;F5:7A:A5:E3:EF:18;0.79;-75.00;-77.00;29/04/2015 11:04:45:260;1.50
Kontakt;F5:7A:A5:E3:EF:18;0.71;-74.00;-77.00;29/04/2015 11:04:45:724;1.50
Kontakt;F5:7A:A5:E3:EF:18;0.71;-74.00;-77.00;29/04/2015 11:04:45:986;1.50
Kontakt;F5:7A:A5:E3:EF:18;0.71;-74.00;-77.00;29/04/2015 11:04:46:410;1.50
Kontakt;F5:7A:A5:E3:EF:18;0.71;-74.00;-77.00;29/04/2015 11:04:46:734;1.50
Kontakt;F5:7A:A5:E3:EF:18;0.71;-74.00;-77.00;29/04/2015 11:04:47:027;1.50
Kontakt;F5:7A:A5:E3:EF:18;0.79;-75.00;-77.00;29/04/2015 11:04:47:399;1.50
Kontakt;F5:7A:A5:E3:EF:18;0.71;-74.00;-77.00;29/04/2015 11:04:47:869;1.50
Kontakt;F5:7A:A5:E3:EF:18;0.79;-75.00;-77.00;29/04/2015 11:04:48:093;1.50
Kontakt;F5:7A:A5:E3:EF:18;0.56;-72.00;-77.00;29/04/2015 11:04:49:565;1.50
Kontakt;F5:7A:A5:E3:EF:18;0.71;-74.00;-77.00;29/04/2015 11:04:49:936;1.50
Kontakt;F5:7A:A5:E3:EF:18;0.79;-75.00;-77.00;29/04/2015 11:04:50:240;1.50
Kontakt;F5:7A:A5:E3:EF:18;0.71;-74.00;-77.00;29/04/2015 11:04:51:705;1.50
Kontakt;F5:7A:A5:E3:EF:18;0.79;-75.00;-77.00;29/04/2015 11:04:52:349;1.50
Kontakt;F5:7A:A5:E3:EF:18;0.56;-72.00;-77.00;29/04/2015 11:04:52:777;1.50
Kontakt;F5:7A:A5:E3:EF:18;0.71;-74.00;-77.00;29/04/2015 11:04:53:068;1.50
Kontakt;F5:7A:A5:E3:EF:18;0.56;-72.00;-77.00;29/04/2015 11:04:53:477;1.50
Kontakt;F5:7A:A5:E3:EF:18;0.56;-72.00;-77.00;29/04/2015 11:04:55:289;1.50
Kontakt;F5:7A:A5:E3:EF:18;0.71;-74.00;-77.00;29/04/2015 11:04:55:584;1.50
Kontakt;F5:7A:A5:E3:EF:18;0.56;-72.00;-77.00;29/04/2015 11:04:55:992;1.50
Kontakt;F5:7A:A5:E3:EF:18;0.79;-75.00;-77.00;29/04/2015 11:04:56:284;1.50
Kontakt;F5:7A:A5:E3:EF:18;0.71;-74.00;-77.00;29/04/2015 11:04:56:662;1.50
Kontakt;F5:7A:A5:E3:EF:18;0.56;-72.00;-77.00;29/04/2015 11:04:57:033;1.50
Kontakt;F5:7A:A5:E3:EF:18;0.56;-72.00;-77.00;29/04/2015 11:04:57:740;1.50
Kontakt;F5:7A:A5:E3:EF:18;0.56;-72.00;-77.00;29/04/2015 11:04:58:444;1.50
Kontakt;F5:7A:A5:E3:EF:18;0.56;-72.00;-77.00;29/04/2015 11:04:59:232;1.50
Kontakt;F5:7A:A5:E3:EF:18;0.71;-74.00;-77.00;29/04/2015 11:05:00:237;1.50
Kontakt;F5:7A:A5:E3:EF:18;0.56;-72.00;-77.00;29/04/2015 11:05:01:353;1.50
Kontakt;F5:7A:A5:E3:EF:18;0.79;-75.00;-77.00;29/04/2015 11:05:02:043;1.50
Kontakt;F5:7A:A5:E3:EF:18;0.71;-74.00;-77.00;29/04/2015 11:05:02:315;1.50
Kontakt;F5:7A:A5:E3:EF:18;0.79;-75.00;-77.00;29/04/2015 11:05:02:749;1.50
Kontakt;F5:7A:A5:E3:EF:18;0.71;-74.00;-77.00;29/04/2015 11:05:03:078;1.50
Kontakt;F5:7A:A5:E3:EF:18;0.56;-72.00;-77.00;29/04/2015 11:05:03:447;1.50
Kontakt;F5:7A:A5:E3:EF:18;0.71;-74.00;-77.00;29/04/2015 11:05:03:723;1.50
Kontakt;F5:7A:A5:E3:EF:18;0.56;-72.00;-77.00;29/04/2015 11:05:04:142;1.50
Kontakt;F5:7A:A5:E3:EF:18;0.56;-72.00;-77.00;29/04/2015 11:05:04:935;1.50
Kontakt;F5:7A:A5:E3:EF:18;0.71;-74.00;-77.00;29/04/2015 11:05:06:723;1.50
Kontakt;F5:7A:A5:E3:EF:18;0.56;-72.00;-77.00;29/04/2015 11:05:07:051;1.50
Kontakt;F5:7A:A5:E3:EF:18;0.71;-74.00;-77.00;29/04/2015 11:05:07:363;1.50
Kontakt;F5:7A:A5:E3:EF:18;0.79;-75.00;-77.00;29/04/2015 11:05:08:070;1.50
Kontakt;F5:7A:A5:E3:EF:18;0.79;-75.00;-77.00;29/04/2015 11:05:09:132;1.50
Kontakt;F5:7A:A5:E3:EF:18;0.56;-72.00;-77.00;29/04/2015 11:05:09:560;1.50
Kontakt;F5:7A:A5:E3:EF:18;0.56;-72.00;-77.00;29/04/2015 11:05:10:312;1.50
Kontakt;F5:7A:A5:E3:EF:18;0.56;-72.00;-77.00;29/04/2015 11:05:10:859;1.50
Kontakt;F5:7A:A5:E3:EF:18;0.79;-75.00;-77.00;29/04/2015 11:05:11:324;1.50
Kontakt;F5:7A:A5:E3:EF:18;0.56;-72.00;-77.00;29/04/2015 11:05:11:593;1.50
Kontakt;F5:7A:A5:E3:EF:18;0.56;-72.00;-77.00;29/04/2015 11:05:12:315;1.50
Kontakt;F5:7A:A5:E3:EF:18;0.56;-72.00;-77.00;29/04/2015 11:05:13:038;1.50
Kontakt;F5:7A:A5:E3:EF:18;0.71;-74.00;-77.00;29/04/2015 11:05:13:395;1.50
Kontakt;F5:7A:A5:E3:EF:18;0.56;-72.00;-77.00;29/04/2015 11:05:13:702;1.50
Kontakt;F5:7A:A5:E3:EF:18;0.71;-74.00;-77.00;29/04/2015 11:05:14:197;1.50
Kontakt;F5:7A:A5:E3:EF:18;0.56;-72.00;-77.00;29/04/2015 11:05:14:515;1.50
Kontakt;F5:7A:A5:E3:EF:18;0.71;-74.00;-77.00;29/04/2015 11:05:15:182;1.50
Kontakt;F5:7A:A5:E3:EF:18;0.56;-72.00;-77.00;29/04/2015 11:05:15:562;1.50
Kontakt;F5:7A:A5:E3:EF:18;0.56;-72.00;-77.00;29/04/2015 11:05:16:157;1.50
Kontakt;F5:7A:A5:E3:EF:18;0.50;-71.00;-77.00;29/04/2015 11:05:16:941;1.50
Kontakt;F5:7A:A5:E3:EF:18;0.63;-73.00;-77.00;29/04/2015 11:05:17:613;1.50
Kontakt;F5:7A:A5:E3:EF:18;0.50;-71.00;-77.00;29/04/2015 11:05:18:044;1.50
Kontakt;F5:7A:A5:E3:EF:18;0.71;-74.00;-77.00;29/04/2015 11:05:18:289;1.50
Kontakt;F5:7A:A5:E3:EF:18;0.79;-75.00;-77.00;29/04/2015 11:05:18:727;1.50
Kontakt;F5:7A:A5:E3:EF:18;0.71;-74.00;-77.00;29/04/2015 11:05:19:362;1.50
Kontakt;F5:7A:A5:E3:EF:18;0.56;-72.00;-77.00;29/04/2015 11:05:19:777;1.50
Kontakt;F5:7A:A5:E3:EF:18;0.56;-72.00;-77.00;29/04/2015 11:05:20:497;1.50
Kontakt;F5:7A:A5:E3:EF:18;0.71;-74.00;-77.00;29/04/2015 11:05:20:763;1.50
Kontakt;F5:7A:A5:E3:EF:18;0.71;-74.00;-77.00;29/04/2015 11:05:21:152;1.50
Kontakt;F5:7A:A5:E3:EF:18;0.71;-74.00;-77.00;29/04/2015 11:05:21:577;1.50
Kontakt;F5:7A:A5:E3:EF:18;0.56;-72.00;-77.00;29/04/2015 11:05:21:856;1.50
Kontakt;F5:7A:A5:E3:EF:18;0.71;-74.00;-77.00;29/04/2015 11:05:22:304;1.50
Kontakt;F5:7A:A5:E3:EF:18;0.79;-75.00;-77.00;29/04/2015 11:05:22:627;1.50
Kontakt;F5:7A:A5:E3:EF:18;0.56;-72.00;-77.00;29/04/2015 11:05:22:938;1.50
Kontakt;F5:7A:A5:E3:EF:18;0.71;-74.00;-77.00;29/04/2015 11:05:23:233;1.50
Kontakt;F5:7A:A5:E3:EF:18;0.71;-74.00;-77.00;29/04/2015 11:05:24:050;1.50
Kontakt;F5:7A:A5:E3:EF:18;0.56;-72.00;-77.00;29/04/2015 11:05:24:411;1.50
Kontakt;F5:7A:A5:E3:EF:18;0.56;-72.00;-77.00;29/04/2015 11:05:25:247;1.50
Kontakt;F5:7A:A5:E3:EF:18;0.71;-74.00;-77.00;29/04/2015 11:05:25:438;1.50
Kontakt;F5:7A:A5:E3:EF:18;0.71;-74.00;-77.00;29/04/2015 11:05:26:462;1.50
Kontakt;F5:7A:A5:E3:EF:18;0.56;-72.00;-77.00;29/04/2015 11:05:26:897;1.50
Kontakt;F5:7A:A5:E3:EF:18;0.79;-75.00;-77.00;29/04/2015 11:05:27:859;1.50
Kontakt;F5:7A:A5:E3:EF:18;0.71;-74.00;-77.00;29/04/2015 11:05:28:233;1.50
Kontakt;F5:7A:A5:E3:EF:18;0.79;-75.00;-77.00;29/04/2015 11:05:28:651;1.50
Kontakt;F5:7A:A5:E3:EF:18;0.56;-72.00;-77.00;29/04/2015 11:05:29:404;1.50
Kontakt;F5:7A:A5:E3:EF:18;0.56;-72.00;-77.00;29/04/2015 11:05:30:058;1.50
Kontakt;F5:7A:A5:E3:EF:18;0.71;-74.00;-77.00;29/04/2015 11:05:30:461;1.50
Kontakt;F5:7A:A5:E3:EF:18;0.56;-72.00;-77.00;29/04/2015 11:05:30:787;1.50
Kontakt;F5:7A:A5:E3:EF:18;0.56;-72.00;-77.00;29/04/2015 11:05:31:515;1.50
Kontakt;F5:7A:A5:E3:EF:18;0.79;-75.00;-77.00;29/04/2015 11:05:31:792;1.50
Kontakt;F5:7A:A5:E3:EF:18;0.56;-72.00;-77.00;29/04/2015 11:05:32:978;1.50
Kontakt;F5:7A:A5:E3:EF:18;0.71;-74.00;-77.00;29/04/2015 11:05:33:304;1.50
Kontakt;F5:7A:A5:E3:EF:18;0.50;-71.00;-77.00;29/04/2015 11:05:33:564;1.50
Kontakt;F5:7A:A5:E3:EF:18;0.56;-72.00;-77.00;29/04/2015 11:05:34:280;1.50
Kontakt;F5:7A:A5:E3:EF:18;0.56;-72.00;-77.00;29/04/2015 11:05:35:092;1.50
Kontakt;F5:7A:A5:E3:EF:18;0.56;-72.00;-77.00;29/04/2015 11:05:35:746;1.50
Kontakt;F5:7A:A5:E3:EF:18;0.71;-74.00;-77.00;29/04/2015 11:05:36:869;1.50
Kontakt;F5:7A:A5:E3:EF:18;0.71;-74.00;-77.00;29/04/2015 11:05:37:483;1.50
Kontakt;F5:7A:A5:E3:EF:18;0.56;-72.00;-77.00;29/04/2015 11:05:37:807;1.50
Kontakt;F5:7A:A5:E3:EF:18;0.56;-72.00;-77.00;29/04/2015 11:05:38:559;1.50
Kontakt;F5:7A:A5:E3:EF:18;0.71;-74.00;-77.00;29/04/2015 11:05:38:856;1.50
Kontakt;F5:7A:A5:E3:EF:18;0.71;-74.00;-77.00;29/04/2015 11:05:39:282;1.50
Kontakt;F5:7A:A5:E3:EF:18;0.56;-72.00;-77.00;29/04/2015 11:05:40:512;1.50
Kontakt;F5:7A:A5:E3:EF:18;0.79;-75.00;-77.00;29/04/2015 11:05:40:655;1.50
Kontakt;F5:7A:A5:E3:EF:18;0.56;-72.00;-77.00;29/04/2015 11:05:41:231;1.50
Kontakt;F5:7A:A5:E3:EF:18;0.56;-72.00;-77.00;29/04/2015 11:05:41:861;1.50
Kontakt;F5:7A:A5:E3:EF:18;0.56;-72.00;-77.00;29/04/2015 11:05:42:445;1.50
Kontakt;F5:7A:A5:E3:EF:18;0.56;-72.00;-77.00;29/04/2015 11:05:44:724;1.50
Kontakt;F5:7A:A5:E3:EF:18;0.71;-74.00;-77.00;29/04/2015 11:05:44:925;1.50
Kontakt;F5:7A:A5:E3:EF:18;0.71;-74.00;-77.00;29/04/2015 11:05:45:398;1.50
Kontakt;F5:7A:A5:E3:EF:18;0.56;-72.00;-77.00;29/04/2015 11:05:45:683;1.50
Kontakt;F5:7A:A5:E3:EF:18;0.79;-75.00;-77.00;29/04/2015 11:05:46:004;1.50
Kontakt;F5:7A:A5:E3:EF:18;0.79;-75.00;-77.00;29/04/2015 11:05:46:445;1.50
Kontakt;F5:7A:A5:E3:EF:18;0.71;-74.00;-77.00;29/04/2015 11:05:46:785;1.50
Kontakt;F5:7A:A5:E3:EF:18;0.71;-74.00;-77.00;29/04/2015 11:05:47:451;1.50
Kontakt;F5:7A:A5:E3:EF:18;0.71;-74.00;-77.00;29/04/2015 11:05:47:743;1.50
Kontakt;F5:7A:A5:E3:EF:18;0.71;-74.00;-77.00;29/04/2015 11:05:48:147;1.50
Kontakt;F5:7A:A5:E3:EF:18;0.71;-74.00;-77.00;29/04/2015 11:05:48:441;1.50
Kontakt;F5:7A:A5:E3:EF:18;0.71;-74.00;-77.00;29/04/2015 11:05:48:991;1.50
Kontakt;F5:7A:A5:E3:EF:18;0.71;-74.00;-77.00;29/04/2015 11:05:49:211;1.50
Kontakt;F5:7A:A5:E3:EF:18;0.71;-74.00;-77.00;29/04/2015 11:05:49:914;1.50
Kontakt;F5:7A:A5:E3:EF:18;0.71;-74.00;-77.00;29/04/2015 11:05:50:310;1.50
Kontakt;F5:7A:A5:E3:EF:18;0.56;-72.00;-77.00;29/04/2015 11:05:50:626;1.50
Kontakt;F5:7A:A5:E3:EF:18;0.56;-72.00;-77.00;29/04/2015 11:05:51:333;1.50
Kontakt;F5:7A:A5:E3:EF:18;0.79;-75.00;-77.00;29/04/2015 11:05:51:743;1.50
Kontakt;F5:7A:A5:E3:EF:18;0.56;-72.00;-77.00;29/04/2015 11:05:52:038;1.50
Kontakt;F5:7A:A5:E3:EF:18;0.71;-74.00;-77.00;29/04/2015 11:05:52:419;1.50
Kontakt;F5:7A:A5:E3:EF:18;0.56;-72.00;-77.00;29/04/2015 11:05:52:809;1.50
Kontakt;F5:7A:A5:E3:EF:18;0.56;-72.00;-77.00;29/04/2015 11:05:53:510;1.50
Kontakt;F5:7A:A5:E3:EF:18;0.71;-74.00;-77.00;29/04/2015 11:05:53:887;1.50
Kontakt;F5:7A:A5:E3:EF:18;0.56;-72.00;-77.00;29/04/2015 11:05:54:201;1.50
Kontakt;F5:7A:A5:E3:EF:18;0.79;-75.00;-77.00;29/04/2015 11:05:54:592;1.50
Kontakt;F5:7A:A5:E3:EF:18;0.71;-74.00;-77.00;29/04/2015 11:05:54:854;1.50
Kontakt;F5:7A:A5:E3:EF:18;0.71;-74.00;-77.00;29/04/2015 11:05:55:285;1.50
Kontakt;F5:7A:A5:E3:EF:18;0.56;-72.00;-77.00;29/04/2015 11:05:55:583;1.50
Kontakt;F5:7A:A5:E3:EF:18;0.79;-75.00;-77.00;29/04/2015 11:05:56:037;1.50
Kontakt;F5:7A:A5:E3:EF:18;0.71;-74.00;-77.00;29/04/2015 11:05:56:330;1.50
Kontakt;F5:7A:A5:E3:EF:18;0.56;-72.00;-77.00;29/04/2015 11:05:56:631;1.50
Kontakt;F5:7A:A5:E3:EF:18;0.71;-74.00;-77.00;29/04/2015 11:05:57:044;1.50
Kontakt;F5:7A:A5:E3:EF:18;0.71;-74.00;-77.00;29/04/2015 11:05:57:416;1.50
Kontakt;F5:7A:A5:E3:EF:18;0.79;-75.00;-77.00;29/04/2015 11:05:57:722;1.50
Kontakt;F5:7A:A5:E3:EF:18;0.56;-72.00;-77.00;29/04/2015 11:05:58:154;1.50
Kontakt;F5:7A:A5:E3:EF:18;0.79;-75.00;-77.00;29/04/2015 11:05:58:404;1.50
Kontakt;F5:7A:A5:E3:EF:18;0.56;-72.00;-77.00;29/04/2015 11:05:58:894;1.50
Kontakt;F5:7A:A5:E3:EF:18;0.79;-75.00;-77.00;29/04/2015 11:05:59:205;1.50
Kontakt;F5:7A:A5:E3:EF:18;0.71;-74.00;-77.00;29/04/2015 11:05:59:480;1.50
Kontakt;F5:7A:A5:E3:EF:18;0.79;-75.00;-77.00;29/04/2015 11:05:59:944;1.50
Kontakt;F5:7A:A5:E3:EF:18;0.71;-74.00;-77.00;29/04/2015 11:06:00:248;1.50
Kontakt;F5:7A:A5:E3:EF:18;0.71;-74.00;-77.00;29/04/2015 11:06:00:919;1.50
Kontakt;F5:7A:A5:E3:EF:18;0.71;-74.00;-77.00;29/04/2015 11:06:01:596;1.50
Kontakt;F5:7A:A5:E3:EF:18;0.71;-74.00;-77.00;29/04/2015 11:06:02:385;1.50
Kontakt;F5:7A:A5:E3:EF:18;0.56;-72.00;-77.00;29/04/2015 11:06:02:771;1.50
Kontakt;F5:7A:A5:E3:EF:18;0.71;-74.00;-77.00;29/04/2015 11:06:03:057;1.50
Kontakt;F5:7A:A5:E3:EF:18;0.71;-74.00;-77.00;29/04/2015 11:06:03:454;1.50
Kontakt;F5:7A:A5:E3:EF:18;0.79;-75.00;-77.00;29/04/2015 11:06:03:821;1.50
Kontakt;F5:7A:A5:E3:EF:18;0.71;-74.00;-77.00;29/04/2015 11:06:04:527;1.50
Kontakt;F5:7A:A5:E3:EF:18;0.79;-75.00;-77.00;29/04/2015 11:06:04:805;1.50
Kontakt;F5:7A:A5:E3:EF:18;0.71;-74.00;-77.00;29/04/2015 11:06:05:267;1.50
Kontakt;F5:7A:A5:E3:EF:18;0.56;-72.00;-77.00;29/04/2015 11:06:05:530;1.50
Kontakt;F5:7A:A5:E3:EF:18;0.63;-73.00;-77.00;29/04/2015 11:06:05:972;1.50
Kontakt;F5:7A:A5:E3:EF:18;0.71;-74.00;-77.00;29/04/2015 11:06:06:600;1.50
Kontakt;F5:7A:A5:E3:EF:18;0.56;-72.00;-77.00;29/04/2015 11:06:08:001;1.50
Kontakt;F5:7A:A5:E3:EF:18;0.79;-75.00;-77.00;29/04/2015 11:06:08:371;1.50
Kontakt;F5:7A:A5:E3:EF:18;0.71;-74.00;-77.00;29/04/2015 11:06:09:494;1.50
Kontakt;F5:7A:A5:E3:EF:18;0.89;-76.00;-77.00;29/04/2015 11:06:09:789;1.50
Kontakt;F5:7A:A5:E3:EF:18;0.56;-72.00;-77.00;29/04/2015 11:06:10:313;1.50
Kontakt;F5:7A:A5:E3:EF:18;0.56;-72.00;-77.00;29/04/2015 11:06:10:906;1.50
Kontakt;F5:7A:A5:E3:EF:18;0.79;-75.00;-77.00;29/04/2015 11:06:11:266;1.50
Kontakt;F5:7A:A5:E3:EF:18;0.71;-74.00;-77.00;29/04/2015 11:06:11:567;1.50
Kontakt;F5:7A:A5:E3:EF:18;0.71;-74.00;-77.00;29/04/2015 11:06:11:994;1.50
Kontakt;F5:7A:A5:E3:EF:18;0.71;-74.00;-77.00;29/04/2015 11:06:12:255;1.50
Kontakt;F5:7A:A5:E3:EF:18;0.63;-73.00;-77.00;29/04/2015 11:06:12:615;1.50
Kontakt;F5:7A:A5:E3:EF:18;0.56;-72.00;-77.00;29/04/2015 11:06:13:419;1.50
Kontakt;F5:7A:A5:E3:EF:18;0.71;-74.00;-77.00;29/04/2015 11:06:13:688;1.50
Kontakt;F5:7A:A5:E3:EF:18;0.71;-74.00;-77.00;29/04/2015 11:06:14:057;1.50
Kontakt;F5:7A:A5:E3:EF:18;0.71;-74.00;-77.00;29/04/2015 11:06:14:369;1.50
Kontakt;F5:7A:A5:E3:EF:18;0.71;-74.00;-77.00;29/04/2015 11:06:14:760;1.50
Kontakt;F5:7A:A5:E3:EF:18;0.56;-72.00;-77.00;29/04/2015 11:06:15:454;1.50
Kontakt;F5:7A:A5:E3:EF:18;0.56;-72.00;-77.00;29/04/2015 11:06:16:333;1.50
Kontakt;F5:7A:A5:E3:EF:18;0.71;-74.00;-77.00;29/04/2015 11:06:16:978;1.50
Kontakt;F5:7A:A5:E3:EF:18;0.63;-73.00;-77.00;29/04/2015 11:06:17:237;1.50
Kontakt;F5:7A:A5:E3:EF:18;0.56;-72.00;-77.00;29/04/2015 11:06:18:387;1.50
Kontakt;F5:7A:A5:E3:EF:18;0.71;-74.00;-77.00;29/04/2015 11:06:18:676;1.50
Kontakt;F5:7A:A5:E3:EF:18;0.56;-72.00;-77.00;29/04/2015 11:06:19:108;1.50
Kontakt;F5:7A:A5:E3:EF:18;0.56;-72.00;-77.00;29/04/2015 11:06:19:806;1.50
Kontakt;F5:7A:A5:E3:EF:18;0.71;-74.00;-77.00;29/04/2015 11:06:20:061;1.50
Kontakt;F5:7A:A5:E3:EF:18;0.63;-73.00;-77.00;29/04/2015 11:06:20:546;1.50
Kontakt;F5:7A:A5:E3:EF:18;0.71;-74.00;-77.00;29/04/2015 11:06:20:902;1.50
Kontakt;F5:7A:A5:E3:EF:18;0.63;-73.00;-77.00;29/04/2015 11:06:21:485;1.50
Kontakt;F5:7A:A5:E3:EF:18;0.56;-72.00;-77.00;29/04/2015 11:06:21:952;1.50
Kontakt;F5:7A:A5:E3:EF:18;0.71;-74.00;-77.00;29/04/2015 11:06:22:204;1.50
Kontakt;F5:7A:A5:E3:EF:18;0.50;-71.00;-77.00;29/04/2015 11:06:22:633;1.50
Kontakt;F5:7A:A5:E3:EF:18;0.56;-72.00;-77.00;29/04/2015 11:06:23:330;1.50
Kontakt;F5:7A:A5:E3:EF:18;0.56;-72.00;-77.00;29/04/2015 11:06:24:051;1.50
Kontakt;F5:7A:A5:E3:EF:18;0.56;-72.00;-77.00;29/04/2015 11:06:24:644;1.50
Kontakt;F5:7A:A5:E3:EF:18;0.56;-72.00;-77.00;29/04/2015 11:06:25:432;1.50
Kontakt;F5:7A:A5:E3:EF:18;0.71;-74.00;-77.00;29/04/2015 11:06:26:534;1.50
Kontakt;F5:7A:A5:E3:EF:18;0.56;-72.00;-77.00;29/04/2015 11:06:26:794;1.50
Kontakt;F5:7A:A5:E3:EF:18;0.50;-71.00;-77.00;29/04/2015 11:06:28:272;1.50
Kontakt;F5:7A:A5:E3:EF:18;0.56;-72.00;-77.00;29/04/2015 11:06:29:717;1.50
Kontakt;F5:7A:A5:E3:EF:18;0.71;-74.00;-77.00;29/04/2015 11:06:30:006;1.50
Kontakt;F5:7A:A5:E3:EF:18;0.71;-74.00;-77.00;29/04/2015 11:06:30:411;1.50
Kontakt;F5:7A:A5:E3:EF:18;0.71;-74.00;-77.00;29/04/2015 11:06:31:529;1.50
Kontakt;F5:7A:A5:E3:EF:18;0.63;-73.00;-77.00;29/04/2015 11:06:31:822;1.50
Kontakt;F5:7A:A5:E3:EF:18;0.71;-74.00;-77.00;29/04/2015 11:06:32:208;1.50
Kontakt;F5:7A:A5:E3:EF:18;0.56;-72.00;-77.00;29/04/2015 11:06:32:477;1.50
Kontakt;F5:7A:A5:E3:EF:18;0.56;-72.00;-77.00;29/04/2015 11:06:33:286;1.50
Kontakt;F5:7A:A5:E3:EF:18;0.71;-74.00;-77.00;29/04/2015 11:06:33:970;1.50
Kontakt;F5:7A:A5:E3:EF:18;0.79;-75.00;-77.00;29/04/2015 11:06:34:247;1.50
Kontakt;F5:7A:A5:E3:EF:18;0.79;-75.00;-77.00;29/04/2015 11:06:35:041;1.50
Kontakt;F5:7A:A5:E3:EF:18;0.71;-74.00;-77.00;29/04/2015 11:06:36:654;1.50
Kontakt;F5:7A:A5:E3:EF:18;0.71;-74.00;-77.00;29/04/2015 11:06:37:816;1.50
Kontakt;F5:7A:A5:E3:EF:18;0.79;-75.00;-77.00;29/04/2015 11:06:38:485;1.50
Kontakt;F5:7A:A5:E3:EF:18;0.71;-74.00;-77.00;29/04/2015 11:06:39:627;1.50
Kontakt;F5:7A:A5:E3:EF:18;0.79;-75.00;-77.00;29/04/2015 11:06:40:608;1.50
Kontakt;F5:7A:A5:E3:EF:18;0.79;-75.00;-77.00;29/04/2015 11:06:41:323;1.50
Kontakt;F5:7A:A5:E3:EF:18;0.63;-73.00;-77.00;29/04/2015 11:06:41:738;1.50
Kontakt;F5:7A:A5:E3:EF:18;0.63;-73.00;-77.00;29/04/2015 11:06:42:458;1.50
Kontakt;F5:7A:A5:E3:EF:18;0.79;-75.00;-77.00;29/04/2015 11:06:43:453;1.50
Kontakt;F5:7A:A5:E3:EF:18;0.71;-74.00;-77.00;29/04/2015 11:06:44:567;1.50
Kontakt;F5:7A:A5:E3:EF:18;0.79;-75.00;-77.00;29/04/2015 11:06:44:864;1.50
Kontakt;F5:7A:A5:E3:EF:18;0.56;-72.00;-77.00;29/04/2015 11:06:45:251;1.50
Kontakt;F5:7A:A5:E3:EF:18;0.56;-72.00;-77.00;29/04/2015 11:06:46:035;1.50
Kontakt;F5:7A:A5:E3:EF:18;0.56;-72.00;-77.00;29/04/2015 11:06:46:674;1.50
Kontakt;F5:7A:A5:E3:EF:18;0.79;-75.00;-77.00;29/04/2015 11:06:47:766;1.50
Kontakt;F5:7A:A5:E3:EF:18;0.79;-75.00;-77.00;29/04/2015 11:06:48:468;1.50
Kontakt;F5:7A:A5:E3:EF:18;0.56;-72.00;-77.00;29/04/2015 11:06:49:623;1.50
Kontakt;F5:7A:A5:E3:EF:18;0.79;-75.00;-77.00;29/04/2015 11:06:49:815;1.50
Kontakt;F5:7A:A5:E3:EF:18;0.71;-74.00;-77.00;29/04/2015 11:06:50:408;1.50
Kontakt;F5:7A:A5:E3:EF:18;0.71;-74.00;-77.00;29/04/2015 11:06:51:847;1.50
Kontakt;F5:7A:A5:E3:EF:18;0.71;-74.00;-77.00;29/04/2015 11:06:52:855;1.50
Kontakt;F5:7A:A5:E3:EF:18;0.56;-72.00;-77.00;29/04/2015 11:06:52:867;1.50
Kontakt;F5:7A:A5:E3:EF:18;0.56;-72.00;-77.00;29/04/2015 11:06:53:158;1.50
Kontakt;F5:7A:A5:E3:EF:18;0.56;-72.00;-77.00;29/04/2015 11:06:54:731;1.50
Kontakt;F5:7A:A5:E3:EF:18;0.79;-75.00;-77.00;29/04/2015 11:06:54:984;1.50
Kontakt;F5:7A:A5:E3:EF:18;0.71;-74.00;-77.00;29/04/2015 11:06:55:137;1.50
Kontakt;F5:7A:A5:E3:EF:18;0.79;-75.00;-77.00;29/04/2015 11:06:55:526;1.50
Kontakt;F5:7A:A5:E3:EF:18;0.56;-72.00;-77.00;29/04/2015 11:06:55:936;1.50
Kontakt;F5:7A:A5:E3:EF:18;0.79;-75.00;-77.00;29/04/2015 11:06:56:200;1.50
Kontakt;F5:7A:A5:E3:EF:18;0.71;-74.00;-77.00;29/04/2015 11:06:56:559;1.50
Kontakt;F5:7A:A5:E3:EF:18;0.71;-74.00;-77.00;29/04/2015 11:06:57:254;1.50
Kontakt;F5:7A:A5:E3:EF:18;0.71;-74.00;-77.00;29/04/2015 11:06:57:680;1.50
Kontakt;F5:7A:A5:E3:EF:18;0.63;-73.00;-77.00;29/04/2015 11:06:57:979;1.50
Kontakt;F5:7A:A5:E3:EF:18;0.71;-74.00;-77.00;29/04/2015 11:06:58:432;1.50
Kontakt;F5:7A:A5:E3:EF:18;0.71;-74.00;-77.00;29/04/2015 11:06:58:671;1.50
Kontakt;F5:7A:A5:E3:EF:18;0.79;-75.00;-77.00;29/04/2015 11:06:59:029;1.50
Kontakt;F5:7A:A5:E3:EF:18;0.71;-74.00;-77.00;29/04/2015 11:06:59:463;1.50
Kontakt;F5:7A:A5:E3:EF:18;0.56;-72.00;-77.00;29/04/2015 11:06:59:743;1.50
Kontakt;F5:7A:A5:E3:EF:18;0.56;-72.00;-77.00;29/04/2015 11:07:01:924;1.50
Kontakt;F5:7A:A5:E3:EF:18;0.63;-73.00;-77.00;29/04/2015 11:07:02:319;1.50
Kontakt;F5:7A:A5:E3:EF:18;0.71;-74.00;-77.00;29/04/2015 11:07:02:987;1.50
Kontakt;F5:7A:A5:E3:EF:18;0.56;-72.00;-77.00;29/04/2015 11:07:04:139;1.50
Kontakt;F5:7A:A5:E3:EF:18;0.71;-74.00;-77.00;29/04/2015 11:07:04:352;1.50
Kontakt;F5:7A:A5:E3:EF:18;0.71;-74.00;-77.00;29/04/2015 11:07:05:118;1.50
Kontakt;F5:7A:A5:E3:EF:18;0.71;-74.00;-77.00;29/04/2015 11:07:05:592;1.50
Kontakt;F5:7A:A5:E3:EF:18;0.63;-73.00;-77.00;29/04/2015 11:07:06:154;1.50
Kontakt;F5:7A:A5:E3:EF:18;0.71;-74.00;-77.00;29/04/2015 11:07:06:532;1.50
Kontakt;F5:7A:A5:E3:EF:18;0.63;-73.00;-77.00;29/04/2015 11:07:06:817;1.50
Kontakt;F5:7A:A5:E3:EF:18;0.56;-72.00;-77.00;29/04/2015 11:07:07:328;1.50
Kontakt;F5:7A:A5:E3:EF:18;0.50;-71.00;-77.00;29/04/2015 11:07:08:012;1.50
Kontakt;F5:7A:A5:E3:EF:18;0.71;-74.00;-77.00;29/04/2015 11:07:08:314;1.50
Kontakt;F5:7A:A5:E3:EF:18;0.56;-72.00;-77.00;29/04/2015 11:07:08:733;1.50
Kontakt;F5:7A:A5:E3:EF:18;0.63;-73.00;-77.00;29/04/2015 11:07:09:007;1.50
Kontakt;F5:7A:A5:E3:EF:18;0.71;-74.00;-77.00;29/04/2015 11:07:09:313;1.50
Kontakt;F5:7A:A5:E3:EF:18;0.56;-72.00;-77.00;29/04/2015 11:07:09:715;1.50
Kontakt;F5:7A:A5:E3:EF:18;0.56;-72.00;-77.00;29/04/2015 11:07:10:448;1.50
Kontakt;F5:7A:A5:E3:EF:18;0.71;-74.00;-77.00;29/04/2015 11:07:10:729;1.50
Kontakt;F5:7A:A5:E3:EF:18;0.56;-72.00;-77.00;29/04/2015 11:07:11:091;1.50
Kontakt;F5:7A:A5:E3:EF:18;0.56;-72.00;-77.00;29/04/2015 11:07:11:871;1.50
Kontakt;F5:7A:A5:E3:EF:18;0.63;-73.00;-77.00;29/04/2015 11:07:12:287;1.50
Kontakt;F5:7A:A5:E3:EF:18;0.50;-71.00;-77.00;29/04/2015 11:07:12:540;1.50
Kontakt;F5:7A:A5:E3:EF:18;0.71;-74.00;-77.00;29/04/2015 11:07:12:921;1.50
Kontakt;F5:7A:A5:E3:EF:18;0.71;-74.00;-77.00;29/04/2015 11:07:13:218;1.50
Kontakt;F5:7A:A5:E3:EF:18;0.71;-74.00;-77.00;29/04/2015 11:07:13:611;1.50
Kontakt;F5:7A:A5:E3:EF:18;0.79;-75.00;-77.00;29/04/2015 11:07:13:989;1.50
Kontakt;F5:7A:A5:E3:EF:18;0.71;-74.00;-77.00;29/04/2015 11:07:14:281;1.50
Kontakt;F5:7A:A5:E3:EF:18;0.71;-74.00;-77.00;29/04/2015 11:07:14:747;1.50
Kontakt;F5:7A:A5:E3:EF:18;0.71;-74.00;-77.00;29/04/2015 11:07:15:076;1.50
Kontakt;F5:7A:A5:E3:EF:18;0.79;-75.00;-77.00;29/04/2015 11:07:15:430;1.50
Kontakt;F5:7A:A5:E3:EF:18;0.56;-72.00;-77.00;29/04/2015 11:07:15:774;1.50
Kontakt;F5:7A:A5:E3:EF:18;0.50;-71.00;-77.00;29/04/2015 11:07:16:464;1.50
Kontakt;F5:7A:A5:E3:EF:18;0.56;-72.00;-77.00;29/04/2015 11:07:17:143;1.50
Kontakt;F5:7A:A5:E3:EF:18;0.71;-74.00;-77.00;29/04/2015 11:07:18:215;1.50
Kontakt;F5:7A:A5:E3:EF:18;0.71;-74.00;-77.00;29/04/2015 11:07:18:512;1.50
Kontakt;F5:7A:A5:E3:EF:18;0.71;-74.00;-77.00;29/04/2015 11:07:18:918;1.50
Kontakt;F5:7A:A5:E3:EF:18;0.79;-75.00;-77.00;29/04/2015 11:07:19:237;1.50
Kontakt;F5:7A:A5:E3:EF:18;0.71;-74.00;-77.00;29/04/2015 11:07:19:656;1.50
Kontakt;F5:7A:A5:E3:EF:18;0.79;-75.00;-77.00;29/04/2015 11:07:19:921;1.50
Kontakt;F5:7A:A5:E3:EF:18;0.56;-72.00;-77.00;29/04/2015 11:07:20:361;1.50
Kontakt;F5:7A:A5:E3:EF:18;0.79;-75.00;-77.00;29/04/2015 11:07:20:628;1.50
Kontakt;F5:7A:A5:E3:EF:18;0.71;-74.00;-77.00;29/04/2015 11:07:21:021;1.50
Kontakt;F5:7A:A5:E3:EF:18;0.79;-75.00;-77.00;29/04/2015 11:07:21:575;1.50
Kontakt;F5:7A:A5:E3:EF:18;0.79;-75.00;-77.00;29/04/2015 11:07:22:237;1.50
Kontakt;F5:7A:A5:E3:EF:18;0.71;-74.00;-77.00;29/04/2015 11:07:22:544;1.50
Kontakt;F5:7A:A5:E3:EF:18;0.79;-75.00;-77.00;29/04/2015 11:07:22:808;1.50
Kontakt;F5:7A:A5:E3:EF:18;0.71;-74.00;-77.00;29/04/2015 11:07:23:126;1.50
Kontakt;F5:7A:A5:E3:EF:18;0.71;-74.00;-77.00;29/04/2015 11:07:23:858;1.50
Kontakt;F5:7A:A5:E3:EF:18;0.79;-75.00;-77.00;29/04/2015 11:07:24:300;1.50
Kontakt;F5:7A:A5:E3:EF:18;0.71;-74.00;-77.00;29/04/2015 11:07:24:624;1.50
Kontakt;F5:7A:A5:E3:EF:18;0.71;-74.00;-77.00;29/04/2015 11:07:25:693;1.50
Kontakt;F5:7A:A5:E3:EF:18;0.63;-73.00;-77.00;29/04/2015 11:07:25:973;1.50
Kontakt;F5:7A:A5:E3:EF:18;0.79;-75.00;-77.00;29/04/2015 11:07:26:388;1.50
Kontakt;F5:7A:A5:E3:EF:18;0.71;-74.00;-77.00;29/04/2015 11:07:27:084;1.50
Kontakt;F5:7A:A5:E3:EF:18;0.71;-74.00;-77.00;29/04/2015 11:07:27:367;1.50
Kontakt;F5:7A:A5:E3:EF:18;0.79;-75.00;-77.00;29/04/2015 11:07:27:853;1.50
Kontakt;F5:7A:A5:E3:EF:18;0.50;-71.00;-77.00;29/04/2015 11:07:28:153;1.50
Kontakt;F5:7A:A5:E3:EF:18;0.71;-74.00;-77.00;29/04/2015 11:07:28:467;1.50
Kontakt;F5:7A:A5:E3:EF:18;0.56;-72.00;-77.00;29/04/2015 11:07:28:870;1.50
Kontakt;F5:7A:A5:E3:EF:18;0.56;-72.00;-77.00;29/04/2015 11:07:29:544;1.50
Kontakt;F5:7A:A5:E3:EF:18;0.71;-74.00;-77.00;29/04/2015 11:07:29:841;1.50
Kontakt;F5:7A:A5:E3:EF:18;0.56;-72.00;-77.00;29/04/2015 11:07:30:265;1.50
Kontakt;F5:7A:A5:E3:EF:18;0.79;-75.00;-77.00;29/04/2015 11:07:30:674;1.50
Kontakt;F5:7A:A5:E3:EF:18;0.56;-72.00;-77.00;29/04/2015 11:07:31:087;1.50
Kontakt;F5:7A:A5:E3:EF:18;0.79;-75.00;-77.00;29/04/2015 11:07:31:355;1.50
Kontakt;F5:7A:A5:E3:EF:18;0.56;-72.00;-77.00;29/04/2015 11:07:31:635;1.50
Kontakt;F5:7A:A5:E3:EF:18;0.79;-75.00;-77.00;29/04/2015 11:07:32:151;1.50
Kontakt;F5:7A:A5:E3:EF:18;0.56;-72.00;-77.00;29/04/2015 11:07:32:346;1.50
Kontakt;F5:7A:A5:E3:EF:18;0.79;-75.00;-77.00;29/04/2015 11:07:32:707;1.50
Kontakt;F5:7A:A5:E3:EF:18;0.71;-74.00;-77.00;29/04/2015 11:07:33:043;1.50
Kontakt;F5:7A:A5:E3:EF:18;0.71;-74.00;-77.00;29/04/2015 11:07:33:780;1.50
Kontakt;F5:7A:A5:E3:EF:18;0.79;-75.00;-77.00;29/04/2015 11:07:34:198;1.50
Kontakt;F5:7A:A5:E3:EF:18;0.71;-74.00;-77.00;29/04/2015 11:07:34:563;1.50
Kontakt;F5:7A:A5:E3:EF:18;0.79;-75.00;-77.00;29/04/2015 11:07:34:836;1.50
Kontakt;F5:7A:A5:E3:EF:18;0.63;-73.00;-77.00;29/04/2015 11:07:35:282;1.50
Kontakt;F5:7A:A5:E3:EF:18;0.79;-75.00;-77.00;29/04/2015 11:07:35:562;1.50
Kontakt;F5:7A:A5:E3:EF:18;0.71;-74.00;-77.00;29/04/2015 11:07:35:971;1.50
Kontakt;F5:7A:A5:E3:EF:18;0.63;-73.00;-77.00;29/04/2015 11:07:36:680;1.50
Kontakt;F5:7A:A5:E3:EF:18;0.71;-74.00;-77.00;29/04/2015 11:07:36:939;1.50
Kontakt;F5:7A:A5:E3:EF:18;0.71;-74.00;-77.00;29/04/2015 11:07:37:346;1.50
Kontakt;F5:7A:A5:E3:EF:18;0.79;-75.00;-77.00;29/04/2015 11:07:37:890;1.50
Kontakt;F5:7A:A5:E3:EF:18;0.63;-73.00;-77.00;29/04/2015 11:07:38:117;1.50
Kontakt;F5:7A:A5:E3:EF:18;0.56;-72.00;-77.00;29/04/2015 11:07:38:438;1.50
Kontakt;F5:7A:A5:E3:EF:18;0.71;-74.00;-77.00;29/04/2015 11:07:38:812;1.50
Kontakt;F5:7A:A5:E3:EF:18;0.71;-74.00;-77.00;29/04/2015 11:07:39:501;1.50
Kontakt;F5:7A:A5:E3:EF:18;0.89;-76.00;-77.00;29/04/2015 11:07:40:579;1.50
Kontakt;F5:7A:A5:E3:EF:18;0.71;-74.00;-77.00;29/04/2015 11:07:40:893;1.50
Kontakt;F5:7A:A5:E3:EF:18;0.71;-74.00;-77.00;29/04/2015 11:07:41:641;1.50
Kontakt;F5:7A:A5:E3:EF:18;0.56;-72.00;-77.00;29/04/2015 11:07:42:018;1.50
Kontakt;F5:7A:A5:E3:EF:18;0.79;-75.00;-77.00;29/04/2015 11:07:42:284;1.50
Kontakt;F5:7A:A5:E3:EF:18;0.71;-74.00;-77.00;29/04/2015 11:07:43:413;1.50
Kontakt;F5:7A:A5:E3:EF:18;0.71;-74.00;-77.00;29/04/2015 11:07:43:775;1.50
Kontakt;F5:7A:A5:E3:EF:18;0.79;-75.00;-77.00;29/04/2015 11:07:44:498;1.50
Kontakt;F5:7A:A5:E3:EF:18;0.56;-72.00;-77.00;29/04/2015 11:07:44:806;1.50
Kontakt;F5:7A:A5:E3:EF:18;0.71;-74.00;-77.00;29/04/2015 11:07:45:180;1.50
Kontakt;F5:7A:A5:E3:EF:18;0.63;-73.00;-77.00;29/04/2015 11:07:45:480;1.50
Kontakt;F5:7A:A5:E3:EF:18;0.71;-74.00;-77.00;29/04/2015 11:07:46:217;1.50
Kontakt;F5:7A:A5:E3:EF:18;0.79;-75.00;-77.00;29/04/2015 11:07:46:557;1.50
Kontakt;F5:7A:A5:E3:EF:18;0.71;-74.00;-77.00;29/04/2015 11:07:47:053;1.50
Kontakt;F5:7A:A5:E3:EF:18;0.56;-72.00;-77.00;29/04/2015 11:07:47:255;1.50
Kontakt;F5:7A:A5:E3:EF:18;0.56;-72.00;-77.00;29/04/2015 11:07:47:972;1.50
Kontakt;F5:7A:A5:E3:EF:18;0.56;-72.00;-77.00;29/04/2015 11:07:48:740;1.50
Kontakt;F5:7A:A5:E3:EF:18;0.56;-72.00;-77.00;29/04/2015 11:07:49:410;1.50
Kontakt;F5:7A:A5:E3:EF:18;0.79;-75.00;-77.00;29/04/2015 11:07:50:525;1.50
Kontakt;F5:7A:A5:E3:EF:18;0.56;-72.00;-77.00;29/04/2015 11:07:50:789;1.50
Kontakt;F5:7A:A5:E3:EF:18;0.71;-74.00;-77.00;29/04/2015 11:07:51:576;1.50
Kontakt;F5:7A:A5:E3:EF:18;0.56;-72.00;-77.00;29/04/2015 11:07:51:941;1.50
Kontakt;F5:7A:A5:E3:EF:18;0.79;-75.00;-77.00;29/04/2015 11:07:52:233;1.50
Kontakt;F5:7A:A5:E3:EF:18;0.71;-74.00;-77.00;29/04/2015 11:07:52:631;1.50
Kontakt;F5:7A:A5:E3:EF:18;0.56;-72.00;-77.00;29/04/2015 11:07:53:033;1.50
Kontakt;F5:7A:A5:E3:EF:18;0.56;-72.00;-77.00;29/04/2015 11:07:53:690;1.50
Kontakt;F5:7A:A5:E3:EF:18;0.71;-74.00;-77.00;29/04/2015 11:07:53:993;1.50
Kontakt;F5:7A:A5:E3:EF:18;0.56;-72.00;-77.00;29/04/2015 11:07:54:411;1.50
Kontakt;F5:7A:A5:E3:EF:18;0.79;-75.00;-77.00;29/04/2015 11:07:54:690;1.50
Kontakt;F5:7A:A5:E3:EF:18;0.56;-72.00;-77.00;29/04/2015 11:07:55:117;1.50
Kontakt;F5:7A:A5:E3:EF:18;0.71;-74.00;-77.00;29/04/2015 11:07:55:395;1.50
Kontakt;F5:7A:A5:E3:EF:18;0.56;-72.00;-77.00;29/04/2015 11:07:55:865;1.50
Kontakt;F5:7A:A5:E3:EF:18;0.71;-74.00;-77.00;29/04/2015 11:07:56:149;1.50
Kontakt;F5:7A:A5:E3:EF:18;0.56;-72.00;-77.00;29/04/2015 11:07:56:547;1.50
Kontakt;F5:7A:A5:E3:EF:18;0.56;-72.00;-77.00;29/04/2015 11:07:57:250;1.50
Kontakt;F5:7A:A5:E3:EF:18;0.56;-72.00;-77.00;29/04/2015 11:07:58:066;1.50
Kontakt;F5:7A:A5:E3:EF:18;0.71;-74.00;-77.00;29/04/2015 11:07:58:236;1.50
Kontakt;F5:7A:A5:E3:EF:18;0.71;-74.00;-77.00;29/04/2015 11:07:58:649;1.50
Kontakt;F5:7A:A5:E3:EF:18;0.63;-73.00;-77.00;29/04/2015 11:07:59:235;1.50
Kontakt;F5:7A:A5:E3:EF:18;0.71;-74.00;-77.00;29/04/2015 11:07:59:364;1.50
Kontakt;F5:7A:A5:E3:EF:18;0.71;-74.00;-77.00;29/04/2015 11:07:59:641;1.50
Kontakt;F5:7A:A5:E3:EF:18;0.79;-75.00;-77.00;29/04/2015 11:08:00:142;1.50
Kontakt;F5:7A:A5:E3:EF:18;0.71;-74.00;-77.00;29/04/2015 11:08:00:808;1.50
Kontakt;F5:7A:A5:E3:EF:18;0.79;-75.00;-77.00;29/04/2015 11:08:01:509;1.50
Kontakt;F5:7A:A5:E3:EF:18;0.71;-74.00;-77.00;29/04/2015 11:08:01:771;1.50
Kontakt;F5:7A:A5:E3:EF:18;0.79;-75.00;-77.00;29/04/2015 11:08:02:214;1.50
Kontakt;F5:7A:A5:E3:EF:18;0.71;-74.00;-77.00;29/04/2015 11:08:02:495;1.50
Kontakt;F5:7A:A5:E3:EF:18;0.56;-72.00;-77.00;29/04/2015 11:08:03:247;1.50
Kontakt;F5:7A:A5:E3:EF:18;0.71;-74.00;-77.00;29/04/2015 11:08:03:625;1.50
Kontakt;F5:7A:A5:E3:EF:18;0.56;-72.00;-77.00;29/04/2015 11:08:04:067;1.50
Kontakt;F5:7A:A5:E3:EF:18;0.71;-74.00;-77.00;29/04/2015 11:08:04:317;1.50
Kontakt;F5:7A:A5:E3:EF:18;0.71;-74.00;-77.00;29/04/2015 11:08:04:599;1.50
Kontakt;F5:7A:A5:E3:EF:18;0.71;-74.00;-77.00;29/04/2015 11:08:05:018;1.50
Kontakt;F5:7A:A5:E3:EF:18;0.71;-74.00;-77.00;29/04/2015 11:08:05:427;1.50
Kontakt;F5:7A:A5:E3:EF:18;0.71;-74.00;-77.00;29/04/2015 11:08:05:755;1.50
Kontakt;F5:7A:A5:E3:EF:18;0.56;-72.00;-77.00;29/04/2015 11:08:06:069;1.50
Kontakt;F5:7A:A5:E3:EF:18;0.71;-74.00;-77.00;29/04/2015 11:08:06:467;1.50
Kontakt;F5:7A:A5:E3:EF:18;0.56;-72.00;-77.00;29/04/2015 11:08:06:739;1.50
Kontakt;F5:7A:A5:E3:EF:18;0.71;-74.00;-77.00;29/04/2015 11:08:07:169;1.50
Kontakt;F5:7A:A5:E3:EF:18;0.56;-72.00;-77.00;29/04/2015 11:08:07:445;1.50
Kontakt;F5:7A:A5:E3:EF:18;0.71;-74.00;-77.00;29/04/2015 11:08:07:857;1.50
Kontakt;F5:7A:A5:E3:EF:18;0.56;-72.00;-77.00;29/04/2015 11:08:08:183;1.50
Kontakt;F5:7A:A5:E3:EF:18;0.71;-74.00;-77.00;29/04/2015 11:08:08:543;1.50
Kontakt;F5:7A:A5:E3:EF:18;0.63;-73.00;-77.00;29/04/2015 11:08:09:266;1.50
Kontakt;F5:7A:A5:E3:EF:18;0.71;-74.00;-77.00;29/04/2015 11:08:09:924;1.50
Kontakt;F5:7A:A5:E3:EF:18;0.79;-75.00;-77.00;29/04/2015 11:08:10:365;1.50
Kontakt;F5:7A:A5:E3:EF:18;0.56;-72.00;-77.00;29/04/2015 11:08:10:641;1.50
Kontakt;F5:7A:A5:E3:EF:18;0.71;-74.00;-77.00;29/04/2015 11:08:11:084;1.50
Kontakt;F5:7A:A5:E3:EF:18;0.63;-73.00;-77.00;29/04/2015 11:08:11:393;1.50
Kontakt;F5:7A:A5:E3:EF:18;0.56;-72.00;-77.00;29/04/2015 11:08:12:125;1.50
Kontakt;F5:7A:A5:E3:EF:18;0.71;-74.00;-77.00;29/04/2015 11:08:12:493;1.50
Kontakt;F5:7A:A5:E3:EF:18;0.56;-72.00;-77.00;29/04/2015 11:08:12:875;1.50
Kontakt;F5:7A:A5:E3:EF:18;0.56;-72.00;-77.00;29/04/2015 11:08:13:507;1.50
Kontakt;F5:7A:A5:E3:EF:18;0.71;-74.00;-77.00;29/04/2015 11:08:13:936;1.50
Kontakt;F5:7A:A5:E3:EF:18;0.79;-75.00;-77.00;29/04/2015 11:08:14:577;1.50
Kontakt;F5:7A:A5:E3:EF:18;0.71;-74.00;-77.00;29/04/2015 11:08:14:904;1.50
Kontakt;F5:7A:A5:E3:EF:18;0.56;-72.00;-77.00;29/04/2015 11:08:16:174;1.50
Kontakt;F5:7A:A5:E3:EF:18;0.71;-74.00;-77.00;29/04/2015 11:08:16:345;1.50
Kontakt;F5:7A:A5:E3:EF:18;0.63;-73.00;-77.00;29/04/2015 11:08:16:765;1.50
Kontakt;F5:7A:A5:E3:EF:18;0.71;-74.00;-77.00;29/04/2015 11:08:17:052;1.50
Kontakt;F5:7A:A5:E3:EF:18;0.71;-74.00;-77.00;29/04/2015 11:08:17:435;1.50
Kontakt;F5:7A:A5:E3:EF:18;0.71;-74.00;-77.00;29/04/2015 11:08:18:118;1.50
Kontakt;F5:7A:A5:E3:EF:18;0.79;-75.00;-77.00;29/04/2015 11:08:18:495;1.50
Kontakt;F5:7A:A5:E3:EF:18;0.71;-74.00;-77.00;29/04/2015 11:08:19:251;1.50
Kontakt;F5:7A:A5:E3:EF:18;0.71;-74.00;-77.00;29/04/2015 11:08:19:963;1.50
Kontakt;F5:7A:A5:E3:EF:18;0.71;-74.00;-77.00;29/04/2015 11:08:21:122;1.50
Kontakt;F5:7A:A5:E3:EF:18;0.56;-72.00;-77.00;29/04/2015 11:08:21:476;1.50
Kontakt;F5:7A:A5:E3:EF:18;0.71;-74.00;-77.00;29/04/2015 11:08:21:674;1.50
Kontakt;F5:7A:A5:E3:EF:18;0.56;-72.00;-77.00;29/04/2015 11:08:22:023;1.50
Kontakt;F5:7A:A5:E3:EF:18;0.56;-72.00;-77.00;29/04/2015 11:08:22:864;1.50
Kontakt;F5:7A:A5:E3:EF:18;0.71;-74.00;-77.00;29/04/2015 11:08:23:143;1.50
Kontakt;F5:7A:A5:E3:EF:18;0.56;-72.00;-77.00;29/04/2015 11:08:23:570;1.50
Kontakt;F5:7A:A5:E3:EF:18;0.71;-74.00;-77.00;29/04/2015 11:08:23:938;1.50
Kontakt;F5:7A:A5:E3:EF:18;0.56;-72.00;-77.00;29/04/2015 11:08:24:230;1.50
Kontakt;F5:7A:A5:E3:EF:18;0.71;-74.00;-77.00;29/04/2015 11:08:24:649;1.50
Kontakt;F5:7A:A5:E3:EF:18;0.50;-71.00;-77.00;29/04/2015 11:08:24:927;1.50
Kontakt;F5:7A:A5:E3:EF:18;0.71;-74.00;-77.00;29/04/2015 11:08:25:297;1.50
Kontakt;F5:7A:A5:E3:EF:18;0.63;-73.00;-77.00;29/04/2015 11:08:25:584;1.50
Kontakt;F5:7A:A5:E3:EF:18;0.71;-74.00;-77.00;29/04/2015 11:08:26:399;1.50
Kontakt;F5:7A:A5:E3:EF:18;0.71;-74.00;-77.00;29/04/2015 11:08:26:758;1.50
Kontakt;F5:7A:A5:E3:EF:18;0.71;-74.00;-77.00;29/04/2015 11:08:27:090;1.50
Kontakt;F5:7A:A5:E3:EF:18;0.63;-73.00;-77.00;29/04/2015 11:08:27:410;1.50
Kontakt;F5:7A:A5:E3:EF:18;0.71;-74.00;-77.00;29/04/2015 11:08:27:780;1.50
Kontakt;F5:7A:A5:E3:EF:18;0.71;-74.00;-77.00;29/04/2015 11:08:28:149;1.50
Kontakt;F5:7A:A5:E3:EF:18;0.56;-72.00;-77.00;29/04/2015 11:08:28:495;1.50
Kontakt;F5:7A:A5:E3:EF:18;0.56;-72.00;-77.00;29/04/2015 11:08:29:088;1.50
Kontakt;F5:7A:A5:E3:EF:18;0.71;-74.00;-77.00;29/04/2015 11:08:29:518;1.50
Kontakt;F5:7A:A5:E3:EF:18;0.71;-74.00;-77.00;29/04/2015 11:08:30:297;1.50
Kontakt;F5:7A:A5:E3:EF:18;0.56;-72.00;-77.00;29/04/2015 11:08:30:570;1.50
Kontakt;F5:7A:A5:E3:EF:18;0.56;-72.00;-77.00;29/04/2015 11:08:31:322;1.50
Kontakt;F5:7A:A5:E3:EF:18;0.71;-74.00;-77.00;29/04/2015 11:08:31:625;1.50
Kontakt;F5:7A:A5:E3:EF:18;0.56;-72.00;-77.00;29/04/2015 11:08:31:943;1.50
Kontakt;F5:7A:A5:E3:EF:18;0.63;-73.00;-77.00;29/04/2015 11:08:33:136;1.50
Kontakt;F5:7A:A5:E3:EF:18;0.56;-72.00;-77.00;29/04/2015 11:08:33:459;1.50
Kontakt;F5:7A:A5:E3:EF:18;0.71;-74.00;-77.00;29/04/2015 11:08:33:748;1.50
Kontakt;F5:7A:A5:E3:EF:18;0.71;-74.00;-77.00;29/04/2015 11:08:34:102;1.50
Kontakt;F5:7A:A5:E3:EF:18;0.71;-74.00;-77.00;29/04/2015 11:08:34:843;1.50
Kontakt;F5:7A:A5:E3:EF:18;0.56;-72.00;-77.00;29/04/2015 11:08:35:153;1.50
Kontakt;F5:7A:A5:E3:EF:18;0.71;-74.00;-77.00;29/04/2015 11:08:35:547;1.50
Kontakt;F5:7A:A5:E3:EF:18;0.63;-73.00;-77.00;29/04/2015 11:08:35:939;1.50
Kontakt;F5:7A:A5:E3:EF:18;0.63;-73.00;-77.00;29/04/2015 11:08:36:583;1.50
Kontakt;F5:7A:A5:E3:EF:18;0.56;-72.00;-77.00;29/04/2015 11:08:37:053;1.50
Kontakt;F5:7A:A5:E3:EF:18;0.71;-74.00;-77.00;29/04/2015 11:08:37:370;1.50
Kontakt;F5:7A:A5:E3:EF:18;0.56;-72.00;-77.00;29/04/2015 11:08:37:708;1.50
Kontakt;F5:7A:A5:E3:EF:18;0.71;-74.00;-77.00;29/04/2015 11:08:38:010;1.50
Kontakt;F5:7A:A5:E3:EF:18;0.79;-75.00;-77.00;29/04/2015 11:08:38:413;1.50
Kontakt;F5:7A:A5:E3:EF:18;0.71;-74.00;-77.00;29/04/2015 11:08:38:697;1.50
Kontakt;F5:7A:A5:E3:EF:18;0.71;-74.00;-77.00;29/04/2015 11:08:39:126;1.50
Kontakt;F5:7A:A5:E3:EF:18;0.71;-74.00;-77.00;29/04/2015 11:08:39:379;1.50
Kontakt;F5:7A:A5:E3:EF:18;0.79;-75.00;-77.00;29/04/2015 11:08:39:773;1.50
Kontakt;F5:7A:A5:E3:EF:18;0.71;-74.00;-77.00;29/04/2015 11:08:40:073;1.50
Kontakt;F5:7A:A5:E3:EF:18;0.71;-74.00;-77.00;29/04/2015 11:08:40:461;1.50
Kontakt;F5:7A:A5:E3:EF:18;0.71;-74.00;-77.00;29/04/2015 11:08:40:888;1.50
Kontakt;F5:7A:A5:E3:EF:18;0.79;-75.00;-77.00;29/04/2015 11:08:41:152;1.50
Kontakt;F5:7A:A5:E3:EF:18;0.63;-73.00;-77.00;29/04/2015 11:08:41:552;1.50
Kontakt;F5:7A:A5:E3:EF:18;0.56;-72.00;-77.00;29/04/2015 11:08:41:944;1.50
Kontakt;F5:7A:A5:E3:EF:18;0.71;-74.00;-77.00;29/04/2015 11:08:42:203;1.50
Kontakt;F5:7A:A5:E3:EF:18;0.56;-72.00;-77.00;29/04/2015 11:08:42:632;1.50
Kontakt;F5:7A:A5:E3:EF:18;0.56;-72.00;-77.00;29/04/2015 11:08:43:301;1.50
Kontakt;F5:7A:A5:E3:EF:18;0.63;-73.00;-77.00;29/04/2015 11:08:43:717;1.50
Kontakt;F5:7A:A5:E3:EF:18;0.56;-72.00;-77.00;29/04/2015 11:08:43:988;1.50
Kontakt;F5:7A:A5:E3:EF:18;0.71;-74.00;-77.00;29/04/2015 11:08:44:379;1.50
Kontakt;F5:7A:A5:E3:EF:18;0.56;-72.00;-77.00;29/04/2015 11:08:44:789;1.50
Kontakt;F5:7A:A5:E3:EF:18;0.71;-74.00;-77.00;29/04/2015 11:08:45:169;1.50
Kontakt;F5:7A:A5:E3:EF:18;0.56;-72.00;-77.00;29/04/2015 11:08:45:463;1.50
Kontakt;F5:7A:A5:E3:EF:18;0.56;-72.00;-77.00;29/04/2015 11:08:46:213;1.50
Kontakt;F5:7A:A5:E3:EF:18;0.63;-73.00;-77.00;29/04/2015 11:08:46:508;1.50
Kontakt;F5:7A:A5:E3:EF:18;0.71;-74.00;-77.00;29/04/2015 11:08:46:857;1.50
Kontakt;F5:7A:A5:E3:EF:18;0.71;-74.00;-77.00;29/04/2015 11:08:47:267;1.50
Kontakt;F5:7A:A5:E3:EF:18;0.71;-74.00;-77.00;29/04/2015 11:08:47:580;1.50
Kontakt;F5:7A:A5:E3:EF:18;0.71;-74.00;-77.00;29/04/2015 11:08:47:968;1.50
Kontakt;F5:7A:A5:E3:EF:18;0.71;-74.00;-77.00;29/04/2015 11:08:48:252;1.50
Kontakt;F5:7A:A5:E3:EF:18;0.56;-72.00;-77.00;29/04/2015 11:08:48:630;1.50
Kontakt;F5:7A:A5:E3:EF:18;0.71;-74.00;-77.00;29/04/2015 11:08:49:000;1.50
Kontakt;F5:7A:A5:E3:EF:18;0.56;-72.00;-77.00;29/04/2015 11:08:49:485;1.50
Kontakt;F5:7A:A5:E3:EF:18;0.63;-73.00;-77.00;29/04/2015 11:08:49:757;1.50
Kontakt;F5:7A:A5:E3:EF:18;0.56;-72.00;-77.00;29/04/2015 11:08:50:024;1.50
Kontakt;F5:7A:A5:E3:EF:18;0.63;-73.00;-77.00;29/04/2015 11:08:50:439;1.50
Kontakt;F5:7A:A5:E3:EF:18;0.71;-74.00;-77.00;29/04/2015 11:08:51:231;1.50
Kontakt;F5:7A:A5:E3:EF:18;0.56;-72.00;-77.00;29/04/2015 11:08:51:528;1.50
Kontakt;F5:7A:A5:E3:EF:18;0.71;-74.00;-77.00;29/04/2015 11:08:52:282;1.50
Kontakt;F5:7A:A5:E3:EF:18;0.71;-74.00;-77.00;29/04/2015 11:08:52:646;1.50
Kontakt;F5:7A:A5:E3:EF:18;0.71;-74.00;-77.00;29/04/2015 11:08:52:968;1.50
Kontakt;F5:7A:A5:E3:EF:18;0.50;-71.00;-77.00;29/04/2015 11:08:53:321;1.50
Kontakt;F5:7A:A5:E3:EF:18;0.71;-74.00;-77.00;29/04/2015 11:08:53:625;1.50
Kontakt;F5:7A:A5:E3:EF:18;0.50;-71.00;-77.00;29/04/2015 11:08:54:021;1.50
Kontakt;F5:7A:A5:E3:EF:18;0.71;-74.00;-77.00;29/04/2015 11:08:54:315;1.50
Kontakt;F5:7A:A5:E3:EF:18;0.79;-75.00;-77.00;29/04/2015 11:08:54:644;1.50
Kontakt;F5:7A:A5:E3:EF:18;0.63;-73.00;-77.00;29/04/2015 11:08:55:005;1.50
Kontakt;F5:7A:A5:E3:EF:18;0.56;-72.00;-77.00;29/04/2015 11:08:55:445;1.50
Kontakt;F5:7A:A5:E3:EF:18;0.71;-74.00;-77.00;29/04/2015 11:08:55:726;1.50
Kontakt;F5:7A:A5:E3:EF:18;0.63;-73.00;-77.00;29/04/2015 11:08:56:180;1.50
Kontakt;F5:7A:A5:E3:EF:18;0.71;-74.00;-77.00;29/04/2015 11:08:56:487;1.50
Kontakt;F5:7A:A5:E3:EF:18;0.71;-74.00;-77.00;29/04/2015 11:08:56:889;1.50
Kontakt;F5:7A:A5:E3:EF:18;0.63;-73.00;-77.00;29/04/2015 11:08:57:498;1.50
Kontakt;F5:7A:A5:E3:EF:18;0.79;-75.00;-77.00;29/04/2015 11:08:58:283;1.50
Kontakt;F5:7A:A5:E3:EF:18;0.56;-72.00;-77.00;29/04/2015 11:08:58:594;1.50
Kontakt;F5:7A:A5:E3:EF:18;0.56;-72.00;-77.00;29/04/2015 11:09:00:200;1.50
Kontakt;F5:7A:A5:E3:EF:18;0.63;-73.00;-77.00;29/04/2015 11:09:00:364;1.50
Kontakt;F5:7A:A5:E3:EF:18;0.56;-72.00;-77.00;29/04/2015 11:09:00:802;1.50
Kontakt;F5:7A:A5:E3:EF:18;0.63;-73.00;-77.00;29/04/2015 11:09:01:061;1.50
Kontakt;F5:7A:A5:E3:EF:18;0.71;-74.00;-77.00;29/04/2015 11:09:02:235;1.50
Kontakt;F5:7A:A5:E3:EF:18;0.56;-72.00;-77.00;29/04/2015 11:09:02:936;1.50
Kontakt;F5:7A:A5:E3:EF:18;0.71;-74.00;-77.00;29/04/2015 11:09:03:257;1.50
Kontakt;F5:7A:A5:E3:EF:18;0.71;-74.00;-77.00;29/04/2015 11:09:03:526;1.50
Kontakt;F5:7A:A5:E3:EF:18;0.71;-74.00;-77.00;29/04/2015 11:09:03:951;1.50
Kontakt;F5:7A:A5:E3:EF:18;0.56;-72.00;-77.00;29/04/2015 11:09:04:250;1.50
Kontakt;F5:7A:A5:E3:EF:18;0.63;-73.00;-77.00;29/04/2015 11:09:04:713;1.50
Kontakt;F5:7A:A5:E3:EF:18;0.56;-72.00;-77.00;29/04/2015 11:09:04:972;1.50
Kontakt;F5:7A:A5:E3:EF:18;0.71;-74.00;-77.00;29/04/2015 11:09:05:429;1.50
Kontakt;F5:7A:A5:E3:EF:18;0.63;-73.00;-77.00;29/04/2015 11:09:05:740;1.50
Kontakt;F5:7A:A5:E3:EF:18;0.63;-73.00;-77.00;29/04/2015 11:09:06:092;1.50
Kontakt;F5:7A:A5:E3:EF:18;0.71;-74.00;-77.00;29/04/2015 11:09:06:422;1.50
Kontakt;F5:7A:A5:E3:EF:18;0.63;-73.00;-77.00;29/04/2015 11:09:06:764;1.50
Kontakt;F5:7A:A5:E3:EF:18;0.56;-72.00;-77.00;29/04/2015 11:09:07:212;1.50
Kontakt;F5:7A:A5:E3:EF:18;0.71;-74.00;-77.00;29/04/2015 11:09:07:536;1.50
Kontakt;F5:7A:A5:E3:EF:18;0.50;-71.00;-77.00;29/04/2015 11:09:07:957;1.50
Kontakt;F5:7A:A5:E3:EF:18;0.71;-74.00;-77.00;29/04/2015 11:09:08:287;1.50
Kontakt;F5:7A:A5:E3:EF:18;0.56;-72.00;-77.00;29/04/2015 11:09:08:512;1.50
Kontakt;F5:7A:A5:E3:EF:18;0.50;-71.00;-77.00;29/04/2015 11:09:09:317;1.50
Kontakt;F5:7A:A5:E3:EF:18;0.71;-74.00;-77.00;29/04/2015 11:09:09:562;1.50
Kontakt;F5:7A:A5:E3:EF:18;0.71;-74.00;-77.00;29/04/2015 11:09:09:930;1.50
Kontakt;F5:7A:A5:E3:EF:18;0.56;-72.00;-77.00;29/04/2015 11:09:10:346;1.50
Kontakt;F5:7A:A5:E3:EF:18;0.50;-71.00;-77.00;29/04/2015 11:09:10:992;1.50
Kontakt;F5:7A:A5:E3:EF:18;0.71;-74.00;-77.00;29/04/2015 11:09:11:428;1.50
Kontakt;F5:7A:A5:E3:EF:18;0.71;-74.00;-77.00;29/04/2015 11:09:11:779;1.50
Kontakt;F5:7A:A5:E3:EF:18;0.50;-71.00;-77.00;29/04/2015 11:09:12:073;1.50
Kontakt;F5:7A:A5:E3:EF:18;0.71;-74.00;-77.00;29/04/2015 11:09:12:517;1.50
Kontakt;F5:7A:A5:E3:EF:18;0.56;-72.00;-77.00;29/04/2015 11:09:12:808;1.50
Kontakt;F5:7A:A5:E3:EF:18;0.71;-74.00;-77.00;29/04/2015 11:09:13:151;1.50
Kontakt;F5:7A:A5:E3:EF:18;0.56;-72.00;-77.00;29/04/2015 11:09:13:557;1.50
Kontakt;F5:7A:A5:E3:EF:18;0.71;-74.00;-77.00;29/04/2015 11:09:13:854;1.50
Kontakt;F5:7A:A5:E3:EF:18;0.50;-71.00;-77.00;29/04/2015 11:09:14:152;1.50
Kontakt;F5:7A:A5:E3:EF:18;0.50;-71.00;-77.00;29/04/2015 11:09:14:913;1.50
Kontakt;F5:7A:A5:E3:EF:18;0.50;-71.00;-77.00;29/04/2015 11:09:15:716;1.50
Kontakt;F5:7A:A5:E3:EF:18;0.71;-74.00;-77.00;29/04/2015 11:09:16:331;1.50
Kontakt;F5:7A:A5:E3:EF:18;0.71;-74.00;-77.00;29/04/2015 11:09:16:723;1.50
Kontakt;F5:7A:A5:E3:EF:18;0.79;-75.00;-77.00;29/04/2015 11:09:16:988;1.50
Kontakt;F5:7A:A5:E3:EF:18;0.50;-71.00;-77.00;29/04/2015 11:09:17:413;1.50
Kontakt;F5:7A:A5:E3:EF:18;0.71;-74.00;-77.00;29/04/2015 11:09:17:712;1.50
Kontakt;F5:7A:A5:E3:EF:18;0.63;-73.00;-77.00;29/04/2015 11:09:18:133;1.50
Kontakt;F5:7A:A5:E3:EF:18;0.56;-72.00;-77.00;29/04/2015 11:09:18:406;1.50
Kontakt;F5:7A:A5:E3:EF:18;0.63;-73.00;-77.00;29/04/2015 11:09:18:765;1.50
Kontakt;F5:7A:A5:E3:EF:18;0.56;-72.00;-77.00;29/04/2015 11:09:19:199;1.50
Kontakt;F5:7A:A5:E3:EF:18;0.56;-72.00;-77.00;29/04/2015 11:09:19:856;1.50
Kontakt;F5:7A:A5:E3:EF:18;0.71;-74.00;-77.00;29/04/2015 11:09:20:258;1.50
Kontakt;F5:7A:A5:E3:EF:18;0.56;-72.00;-77.00;29/04/2015 11:09:20:624;1.50
Kontakt;F5:7A:A5:E3:EF:18;0.71;-74.00;-77.00;29/04/2015 11:09:20:918;1.50
Kontakt;F5:7A:A5:E3:EF:18;0.56;-72.00;-77.00;29/04/2015 11:09:21:282;1.50
Kontakt;F5:7A:A5:E3:EF:18;0.63;-73.00;-77.00;29/04/2015 11:09:21:664;1.50
Kontakt;F5:7A:A5:E3:EF:18;0.71;-74.00;-77.00;29/04/2015 11:09:22:427;1.50
Kontakt;F5:7A:A5:E3:EF:18;0.63;-73.00;-77.00;29/04/2015 11:09:22:734;1.50
Kontakt;F5:7A:A5:E3:EF:18;0.71;-74.00;-77.00;29/04/2015 11:09:23:100;1.50
Kontakt;F5:7A:A5:E3:EF:18;0.63;-73.00;-77.00;29/04/2015 11:09:23:493;1.50
Kontakt;F5:7A:A5:E3:EF:18;0.56;-72.00;-77.00;29/04/2015 11:09:23:775;1.50
Kontakt;F5:7A:A5:E3:EF:18;0.63;-73.00;-77.00;29/04/2015 11:09:24:149;1.50
Kontakt;F5:7A:A5:E3:EF:18;0.56;-72.00;-77.00;29/04/2015 11:09:24:561;1.50
Kontakt;F5:7A:A5:E3:EF:18;0.71;-74.00;-77.00;29/04/2015 11:09:24:822;1.50
Kontakt;F5:7A:A5:E3:EF:18;0.56;-72.00;-77.00;29/04/2015 11:09:25:217;1.50
Kontakt;F5:7A:A5:E3:EF:18;0.71;-74.00;-77.00;29/04/2015 11:09:25:565;1.50
Kontakt;F5:7A:A5:E3:EF:18;0.56;-72.00;-77.00;29/04/2015 11:09:25:947;1.50
Kontakt;F5:7A:A5:E3:EF:18;0.56;-72.00;-77.00;29/04/2015 11:09:26:609;1.50
Kontakt;F5:7A:A5:E3:EF:18;0.56;-72.00;-77.00;29/04/2015 11:09:27:404;1.50
Kontakt;F5:7A:A5:E3:EF:18;0.71;-74.00;-77.00;29/04/2015 11:09:27:664;1.50
Kontakt;F5:7A:A5:E3:EF:18;0.56;-72.00;-77.00;29/04/2015 11:09:28:083;1.50
Kontakt;F5:7A:A5:E3:EF:18;0.56;-72.00;-77.00;29/04/2015 11:09:28:696;1.50
Kontakt;F5:7A:A5:E3:EF:18;0.63;-73.00;-77.00;29/04/2015 11:09:29:094;1.50
Kontakt;F5:7A:A5:E3:EF:18;0.56;-72.00;-77.00;29/04/2015 11:09:29:449;1.50
Kontakt;F5:7A:A5:E3:EF:18;0.56;-72.00;-77.00;29/04/2015 11:09:30:244;1.50
Kontakt;F5:7A:A5:E3:EF:18;0.71;-74.00;-77.00;29/04/2015 11:09:30:517;1.50
Kontakt;F5:7A:A5:E3:EF:18;0.56;-72.00;-77.00;29/04/2015 11:09:30:906;1.50
Kontakt;F5:7A:A5:E3:EF:18;0.71;-74.00;-77.00;29/04/2015 11:09:32:989;1.50
Kontakt;F5:7A:A5:E3:EF:18;0.63;-73.00;-77.00;29/04/2015 11:09:33:757;1.50
Kontakt;F5:7A:A5:E3:EF:18;0.71;-74.00;-77.00;29/04/2015 11:09:35:255;1.50
Kontakt;F5:7A:A5:E3:EF:18;0.79;-75.00;-77.00;29/04/2015 11:09:35:546;1.50
Kontakt;F5:7A:A5:E3:EF:18;0.71;-74.00;-77.00;29/04/2015 11:09:36:956;1.50
Kontakt;F5:7A:A5:E3:EF:18;0.71;-74.00;-77.00;29/04/2015 11:09:37:219;1.50
Kontakt;F5:7A:A5:E3:EF:18;0.71;-74.00;-77.00;29/04/2015 11:09:37:632;1.50
Kontakt;F5:7A:A5:E3:EF:18;0.79;-75.00;-77.00;29/04/2015 11:09:38:302;1.50
Kontakt;F5:7A:A5:E3:EF:18;0.71;-74.00;-77.00;29/04/2015 11:09:38:763;1.50
Kontakt;F5:7A:A5:E3:EF:18;0.71;-74.00;-77.00;29/04/2015 11:09:39:416;1.50
Kontakt;F5:7A:A5:E3:EF:18;0.56;-72.00;-77.00;29/04/2015 11:09:39:778;1.50
Kontakt;F5:7A:A5:E3:EF:18;0.56;-72.00;-77.00;29/04/2015 11:09:40:504;1.50
Kontakt;F5:7A:A5:E3:EF:18;0.71;-74.00;-77.00;29/04/2015 11:09:40:811;1.50
Kontakt;F5:7A:A5:E3:EF:18;0.79;-75.00;-77.00;29/04/2015 11:09:41:256;1.50
Kontakt;F5:7A:A5:E3:EF:18;0.71;-74.00;-77.00;29/04/2015 11:09:41:516;1.50
Kontakt;F5:7A:A5:E3:EF:18;0.71;-74.00;-77.00;29/04/2015 11:09:41:971;1.50
Kontakt;F5:7A:A5:E3:EF:18;0.71;-74.00;-77.00;29/04/2015 11:09:42:285;1.50
Kontakt;F5:7A:A5:E3:EF:18;0.79;-75.00;-77.00;29/04/2015 11:09:42:578;1.50
Kontakt;F5:7A:A5:E3:EF:18;0.50;-71.00;-77.00;29/04/2015 11:09:43:363;1.50
Kontakt;F5:7A:A5:E3:EF:18;0.56;-72.00;-77.00;29/04/2015 11:09:44:710;1.50
Kontakt;F5:7A:A5:E3:EF:18;0.71;-74.00;-77.00;29/04/2015 11:09:45:051;1.50
Kontakt;F5:7A:A5:E3:EF:18;0.50;-71.00;-77.00;29/04/2015 11:09:45:475;1.50
Kontakt;F5:7A:A5:E3:EF:18;0.63;-73.00;-77.00;29/04/2015 11:09:45:773;1.50
Kontakt;F5:7A:A5:E3:EF:18;0.71;-74.00;-77.00;29/04/2015 11:09:46:175;1.50
Kontakt;F5:7A:A5:E3:EF:18;0.71;-74.00;-77.00;29/04/2015 11:09:46:545;1.50
Kontakt;F5:7A:A5:E3:EF:18;0.63;-73.00;-77.00;29/04/2015 11:09:46:848;1.50
Kontakt;F5:7A:A5:E3:EF:18;0.79;-75.00;-77.00;29/04/2015 11:09:47:287;1.50
Kontakt;F5:7A:A5:E3:EF:18;0.71;-74.00;-77.00;29/04/2015 11:09:47:613;1.50
Kontakt;F5:7A:A5:E3:EF:18;0.63;-73.00;-77.00;29/04/2015 11:09:47:887;1.50
Kontakt;F5:7A:A5:E3:EF:18;0.71;-74.00;-77.00;29/04/2015 11:09:48:271;1.50
Kontakt;F5:7A:A5:E3:EF:18;0.71;-74.00;-77.00;29/04/2015 11:09:48:578;1.50
Kontakt;F5:7A:A5:E3:EF:18;0.71;-74.00;-77.00;29/04/2015 11:09:49:027;1.50
Kontakt;F5:7A:A5:E3:EF:18;0.71;-74.00;-77.00;29/04/2015 11:09:49:395;1.50
Kontakt;F5:7A:A5:E3:EF:18;0.71;-74.00;-77.00;29/04/2015 11:09:50:141;1.50
Kontakt;F5:7A:A5:E3:EF:18;0.71;-74.00;-77.00;29/04/2015 11:09:50:417;1.50
Kontakt;F5:7A:A5:E3:EF:18;0.71;-74.00;-77.00;29/04/2015 11:09:50:724;1.50
Kontakt;F5:7A:A5:E3:EF:18;0.71;-74.00;-77.00;29/04/2015 11:09:51:180;1.50
Kontakt;F5:7A:A5:E3:EF:18;0.79;-75.00;-77.00;29/04/2015 11:09:51:429;1.50
Kontakt;F5:7A:A5:E3:EF:18;0.63;-73.00;-77.00;29/04/2015 11:09:51:853;1.50
Kontakt;F5:7A:A5:E3:EF:18;0.71;-74.00;-77.00;29/04/2015 11:09:52:151;1.50
Kontakt;F5:7A:A5:E3:EF:18;0.71;-74.00;-77.00;29/04/2015 11:09:52:567;1.50
Kontakt;F5:7A:A5:E3:EF:18;0.71;-74.00;-77.00;29/04/2015 11:09:52:830;1.50
Kontakt;F5:7A:A5:E3:EF:18;0.71;-74.00;-77.00;29/04/2015 11:09:53:263;1.50
Kontakt;F5:7A:A5:E3:EF:18;0.63;-73.00;-77.00;29/04/2015 11:09:54:003;1.50
Kontakt;F5:7A:A5:E3:EF:18;0.50;-71.00;-77.00;29/04/2015 11:09:54:272;1.50
Kontakt;F5:7A:A5:E3:EF:18;0.56;-72.00;-77.00;29/04/2015 11:09:54:960;1.50
Kontakt;F5:7A:A5:E3:EF:18;0.71;-74.00;-77.00;29/04/2015 11:09:55:350;1.50
Kontakt;F5:7A:A5:E3:EF:18;0.50;-71.00;-77.00;29/04/2015 11:09:55:779;1.50
Kontakt;F5:7A:A5:E3:EF:18;0.71;-74.00;-77.00;29/04/2015 11:09:56:038;1.50
Kontakt;F5:7A:A5:E3:EF:18;0.56;-72.00;-77.00;29/04/2015 11:09:56:430;1.50
Kontakt;F5:7A:A5:E3:EF:18;0.71;-74.00;-77.00;29/04/2015 11:09:56:742;1.50
Kontakt;F5:7A:A5:E3:EF:18;0.56;-72.00;-77.00;29/04/2015 11:09:57:116;1.50
Kontakt;F5:7A:A5:E3:EF:18;0.56;-72.00;-77.00;29/04/2015 11:09:57:906;1.50
Kontakt;F5:7A:A5:E3:EF:18;0.71;-74.00;-77.00;29/04/2015 11:09:58:166;1.50
Kontakt;F5:7A:A5:E3:EF:18;0.71;-74.00;-77.00;29/04/2015 11:09:58:579;1.50
Kontakt;F5:7A:A5:E3:EF:18;0.50;-71.00;-77.00;29/04/2015 11:09:58:952;1.50
Kontakt;F5:7A:A5:E3:EF:18;0.71;-74.00;-77.00;29/04/2015 11:09:59:346;1.50
Kontakt;F5:7A:A5:E3:EF:18;0.56;-72.00;-77.00;29/04/2015 11:09:59:607;1.50
Kontakt;F5:7A:A5:E3:EF:18;0.71;-74.00;-77.00;29/04/2015 11:09:59:986;1.50
Kontakt;F5:7A:A5:E3:EF:18;0.50;-71.00;-77.00;29/04/2015 11:10:00:320;1.50
Kontakt;F5:7A:A5:E3:EF:18;0.71;-74.00;-77.00;29/04/2015 11:10:00:708;1.50
Kontakt;F5:7A:A5:E3:EF:18;0.71;-74.00;-77.00;29/04/2015 11:10:01:101;1.50
Kontakt;F5:7A:A5:E3:EF:18;0.71;-74.00;-77.00;29/04/2015 11:10:01:381;1.50
Kontakt;F5:7A:A5:E3:EF:18;0.50;-71.00;-77.00;29/04/2015 11:10:01:771;1.50
Kontakt;F5:7A:A5:E3:EF:18;0.56;-72.00;-77.00;29/04/2015 11:10:03:283;1.50
Kontakt;F5:7A:A5:E3:EF:18;0.56;-72.00;-77.00;29/04/2015 11:10:03:919;1.50
Kontakt;F5:7A:A5:E3:EF:18;0.63;-73.00;-77.00;29/04/2015 11:10:04:348;1.50
Kontakt;F5:7A:A5:E3:EF:18;0.71;-74.00;-77.00;29/04/2015 11:10:04:609;1.50
Kontakt;F5:7A:A5:E3:EF:18;0.71;-74.00;-77.00;29/04/2015 11:10:05:265;1.50
Kontakt;F5:7A:A5:E3:EF:18;0.63;-73.00;-77.00;29/04/2015 11:10:05:706;1.50
Kontakt;F5:7A:A5:E3:EF:18;0.56;-72.00;-77.00;29/04/2015 11:10:06:782;1.50
Kontakt;F5:7A:A5:E3:EF:18;0.56;-72.00;-77.00;29/04/2015 11:10:07:485;1.50
Kontakt;F5:7A:A5:E3:EF:18;0.79;-75.00;-77.00;29/04/2015 11:10:08:542;1.50
Kontakt;F5:7A:A5:E3:EF:18;0.50;-71.00;-77.00;29/04/2015 11:10:08:810;1.50
Kontakt;F5:7A:A5:E3:EF:18;0.50;-71.00;-77.00;29/04/2015 11:10:10:237;1.50
Kontakt;F5:7A:A5:E3:EF:18;0.71;-74.00;-77.00;29/04/2015 11:10:10:648;1.50
Kontakt;F5:7A:A5:E3:EF:18;0.56;-72.00;-77.00;29/04/2015 11:10:11:019;1.50
Kontakt;F5:7A:A5:E3:EF:18;0.71;-74.00;-77.00;29/04/2015 11:10:11:289;1.50
Kontakt;F5:7A:A5:E3:EF:18;0.50;-71.00;-77.00;29/04/2015 11:10:11:738;1.50
Kontakt;F5:7A:A5:E3:EF:18;0.71;-74.00;-77.00;29/04/2015 11:10:12:003;1.50
Kontakt;F5:7A:A5:E3:EF:18;0.79;-75.00;-77.00;29/04/2015 11:10:12:761;1.50
Kontakt;F5:7A:A5:E3:EF:18;0.71;-74.00;-77.00;29/04/2015 11:10:13:099;1.50
Kontakt;F5:7A:A5:E3:EF:18;0.56;-72.00;-77.00;29/04/2015 11:10:13:551;1.50
Kontakt;F5:7A:A5:E3:EF:18;0.71;-74.00;-77.00;29/04/2015 11:10:13:856;1.50
Kontakt;F5:7A:A5:E3:EF:18;0.50;-71.00;-77.00;29/04/2015 11:10:14:138;1.50
Kontakt;F5:7A:A5:E3:EF:18;0.50;-71.00;-77.00;29/04/2015 11:10:14:875;1.50
Kontakt;F5:7A:A5:E3:EF:18;0.50;-71.00;-77.00;29/04/2015 11:10:15:566;1.50
Kontakt;F5:7A:A5:E3:EF:18;0.50;-71.00;-77.00;29/04/2015 11:10:16:270;1.50
Kontakt;F5:7A:A5:E3:EF:18;0.56;-72.00;-77.00;29/04/2015 11:10:17:035;1.50
Kontakt;F5:7A:A5:E3:EF:18;0.56;-72.00;-77.00;29/04/2015 11:10:17:675;1.50
Kontakt;F5:7A:A5:E3:EF:18;0.71;-74.00;-77.00;29/04/2015 11:10:18:120;1.50
Kontakt;F5:7A:A5:E3:EF:18;0.56;-72.00;-77.00;29/04/2015 11:10:18:466;1.50
Kontakt;F5:7A:A5:E3:EF:18;0.56;-72.00;-77.00;29/04/2015 11:10:19:099;1.50
Kontakt;F5:7A:A5:E3:EF:18;0.71;-74.00;-77.00;29/04/2015 11:10:20:238;1.50
Kontakt;F5:7A:A5:E3:EF:18;0.56;-72.00;-77.00;29/04/2015 11:10:20:583;1.50
Kontakt;F5:7A:A5:E3:EF:18;0.71;-74.00;-77.00;29/04/2015 11:10:20:929;1.50
Kontakt;F5:7A:A5:E3:EF:18;0.71;-74.00;-77.00;29/04/2015 11:10:21:319;1.50
Kontakt;F5:7A:A5:E3:EF:18;0.79;-75.00;-77.00;29/04/2015 11:10:21:602;1.50
Kontakt;F5:7A:A5:E3:EF:18;0.71;-74.00;-77.00;29/04/2015 11:10:21:969;1.50
Kontakt;F5:7A:A5:E3:EF:18;0.79;-75.00;-77.00;29/04/2015 11:10:22:361;1.50
Kontakt;F5:7A:A5:E3:EF:18;0.71;-74.00;-77.00;29/04/2015 11:10:22:665;1.50
